complaint_id,customer_id,complaint_date,product,sub_product,issue,sub_issue,complaint_channel,customer_age,customer_segment,geography,account_tenure_months,transaction_frequency,monthly_spend,complaint_text,response_date,resolution_date,resolution_status,resolution_type,escalation_flag,satisfaction_score,agent_team,resolution_time_days,sla_breach_flag,repeat_complaint_flag,severity_level
CXP-2024-00069,CUST-10000,2025-03-30 10:52:00,Credit Card,Cash Back Preferred,Interest Rate Dispute,APR increased without prior notification,Phone / Contact Center,45,Emerging Wealth,Southeast,62,15,1993.71,Disputed charge and apr increased without prior notification on Cash Back Preferred. The app crashed and agent on phone was unable to waive fees.,2025-03-30 12:52:00,2025-03-31 17:52:00,Closed with Non-Monetary Relief,Statement Credit,0,3.0,Tier 1 General,1.29,0,0,LOW
CXP-2024-00365,CUST-10000,2025-06-02 17:00:00,Digital Banking,Web Online Portal,Security & Credentials,Account locked after password reset,Written / Mail,45,Emerging Wealth,Southeast,62,15,1993.71,Disputed charge and account locked after password reset on Web Online Portal. The app crashed and agent on phone was unable to waive fees.,2025-06-03 00:00:00,2025-06-06 02:00:00,Closed with Monetary Relief,Fee Waived,1,1.0,Tier 2 Escalations,3.38,0,1,HIGH
CXP-2024-00470,CUST-10002,2024-07-22 13:51:00,Savings Account,Money Market Account,Account Maintenance,Monthly maintenance fee assessed despite minimum balance,Mobile App,72,Mass Market,Northeast,49,26,3112.07,Extremely frustrated with the monthly maintenance fee assessed despite minimum balance on my Money Market Account. This has happened multiple times and customer support failed to resolve it promptly.,2024-07-22 21:51:00,2024-07-23 16:51:00,Closed with Monetary Relief,Full Refund,0,5.0,Tier 1 General,1.12,0,0,LOW
CXP-2024-00047,CUST-10002,2025-04-02 09:18:00,Digital Banking,Web Online Portal,Security & Credentials,Device registration loop error,Mobile App,72,Mass Market,Northeast,49,26,3112.07,Extremely frustrated with the device registration loop error on my Web Online Portal. This has happened multiple times and customer support failed to resolve it promptly.,2025-04-02 22:18:00,2025-04-03 12:18:00,Closed with Non-Monetary Relief,Fee Waived,0,4.0,Digital Tech Support,1.12,0,0,LOW
CXP-2024-00122,CUST-10003,2025-09-09 10:43:00,Credit Card,Cash Back Preferred,Fraud & Unauthorized Transaction,Phishing transaction alert,Web Portal,26,Emerging Wealth,Southwest,13,11,2089.7,Extremely frustrated with the phishing transaction alert on my Cash Back Preferred. This has happened multiple times and customer support failed to resolve it promptly.,2025-09-09 15:43:00,2025-09-23 12:43:00,Closed with Non-Monetary Relief,Statement Credit,0,2.0,Fraud Ops,14.08,1,0,HIGH
CXP-2024-00111,CUST-10004,2025-01-15 20:03:00,Savings Account,High Yield Savings,Account Maintenance,Joint owner addition delayed,Phone / Contact Center,38,Mass Market,Southeast,27,3,200.0,Filing a formal complaint about joint owner addition delayed. Resolution has taken too long and I am considering closing my account.,2025-01-16 17:03:00,2025-01-18 01:03:00,Closed with Explanation,Dispute Denied,0,5.0,Tier 1 General,2.21,0,0,LOW
CXP-2024-00156,CUST-10004,2025-09-10 18:10:00,Savings Account,High Yield Savings,Interest Rate Dispute,Interest payout missing for month,Mobile App,38,Mass Market,Southeast,27,3,200.0,Urgent issue: Interest payout missing for month regarding Savings Account. I request an immediate refund and resolution. My account tenure is 27 months and I expect better service.,2025-09-11 17:10:00,2025-09-21 01:10:00,Closed with Monetary Relief,Fee Waived,0,2.0,Tier 1 General,10.29,1,0,MEDIUM
CXP-2024-00014,CUST-10005,2024-03-12 12:51:00,Credit Card,Travel Elite Card,Rewards Redemption Failure,Travel portal booking error,Written / Mail,75,Premium Cardholder,West Coast,6,40,6569.99,Disputed charge and travel portal booking error on Travel Elite Card. The app crashed and agent on phone was unable to waive fees.,2024-03-13 09:51:00,2024-03-22 14:51:00,Closed with Non-Monetary Relief,Statement Credit,1,2.0,Tier 2 Escalations,10.08,1,0,CRITICAL
CXP-2024-00164,CUST-10007,2025-04-23 15:04:00,Credit Card,Travel Elite Card,Billing & Fee Dispute,Annual fee charged unexpectedly,Phone / Contact Center,18,Premium Cardholder,Midwest,18,49,7665.02,Disputed charge and annual fee charged unexpectedly on Travel Elite Card. The app crashed and agent on phone was unable to waive fees.,2025-04-24 00:04:00,2025-04-26 00:04:00,Closed with Monetary Relief,Fee Waived,0,4.0,Billing Services,2.38,0,0,LOW
CXP-2024-00286,CUST-10007,2025-06-08 17:14:00,Credit Card,Basic Credit Card,Rewards Redemption Failure,Travel portal booking error,Phone / Contact Center,18,Premium Cardholder,Midwest,18,49,7665.02,Disputed charge and travel portal booking error on Basic Credit Card. The app crashed and agent on phone was unable to waive fees.,2025-06-09 09:14:00,2025-06-09 23:14:00,Closed with Monetary Relief,Full Refund,0,3.0,Tier 1 General,1.25,0,1,HIGH
CXP-2024-00191,CUST-10008,2024-10-22 20:53:00,Personal Loans,Emergency Express Loan,Loan Payoff & Closing,Title release delayed post payment,Web Portal,54,Premium Cardholder,Southeast,48,71,10009.77,Extremely frustrated with the title release delayed post payment on my Emergency Express Loan. This has happened multiple times and customer support failed to resolve it promptly.,2024-10-23 13:53:00,2024-10-23 22:53:00,Closed with Explanation,Policy Explanation,0,4.0,Tier 1 General,1.08,0,0,LOW
CXP-2024-00198,CUST-10008,2025-01-15 17:35:00,Credit Card,Basic Credit Card,Rewards Redemption Failure,Points failed to credit after promotion,Web Portal,54,Premium Cardholder,Southeast,48,71,10009.77,Extremely frustrated with the points failed to credit after promotion on my Basic Credit Card. This has happened multiple times and customer support failed to resolve it promptly.,2025-01-16 02:35:00,2025-01-17 02:35:00,Closed with Explanation,Dispute Denied,0,4.0,Tier 1 General,1.38,0,1,HIGH
CXP-2024-00487,CUST-10010,2025-01-31 08:54:00,Savings Account,Certificate of Deposit (CD),Account Maintenance,Joint owner addition delayed,Phone / Contact Center,58,Mass Market,Midwest,39,7,1141.68,Disputed charge and joint owner addition delayed on Certificate of Deposit (CD). The app crashed and agent on phone was unable to waive fees.,2025-02-01 04:54:00,2025-02-01 18:54:00,Closed with Explanation,Dispute Denied,0,4.0,Tier 1 General,1.42,0,0,LOW
CXP-2024-00411,CUST-10011,2024-09-03 08:48:00,Personal Loans,Unsecured Fixed Loan,Loan Payoff & Closing,Payoff quote expired early,Mobile App,49,Small Business,Southeast,57,74,12824.32,Disputed charge and payoff quote expired early on Unsecured Fixed Loan. The app crashed and agent on phone was unable to waive fees.,2024-09-04 03:48:00,2024-09-08 11:48:00,Closed with Monetary Relief,Fee Waived,0,3.0,Tier 1 General,5.12,1,0,MEDIUM
CXP-2024-00043,CUST-10011,2025-07-30 20:50:00,Digital Banking,Mobile App Android,Mobile App Access/Outage,App crashing upon biometric login,Mobile App,49,Small Business,Southeast,57,74,12824.32,Filing a formal complaint about app crashing upon biometric login. Resolution has taken too long and I am considering closing my account.,2025-07-31 18:50:00,2025-08-04 03:50:00,Closed with Non-Monetary Relief,Full Refund,0,4.0,Digital Tech Support,4.29,0,0,MEDIUM
CXP-2024-00116,CUST-10012,2024-11-04 17:28:00,Savings Account,High Yield Savings,Interest Rate Dispute,Promotional APY rate dropped early,Mobile App,71,Mass Market,Southeast,6,8,1898.66,Urgent issue: Promotional APY rate dropped early regarding Savings Account. I request an immediate refund and resolution. My account tenure is 6 months and I expect better service.,2024-11-05 00:28:00,2024-11-06 23:28:00,Closed with Explanation,Policy Explanation,0,4.0,Tier 1 General,2.25,0,0,LOW
CXP-2024-00314,CUST-10012,2025-12-21 12:10:00,Credit Card,Cash Back Preferred,Interest Rate Dispute,Interest charged during promotional 0% period,Web Portal,71,Mass Market,Southeast,6,8,1898.66,Disputed charge and interest charged during promotional 0% period on Cash Back Preferred. The app crashed and agent on phone was unable to waive fees.,2025-12-22 11:10:00,2025-12-26 14:10:00,Closed with Explanation,Dispute Denied,0,2.0,Tier 1 General,5.08,1,0,MEDIUM
CXP-2024-00295,CUST-10014,2024-11-20 19:30:00,Credit Card,Platinum Rewards Card,Credit Line Decrease,Credit score drop notification error,Phone / Contact Center,50,Mass Market,Southwest,42,3,613.27,I am writing regarding my Platinum Rewards Card account. I encountered a severe credit score drop notification error on 2024-11-20. I tried resolving this via Phone / Contact Center but the service was disappointing.,2024-11-21 18:30:00,2024-11-24 06:30:00,Closed with Explanation,Policy Explanation,0,1.0,Tier 1 General,3.46,0,0,LOW
CXP-2024-00290,CUST-10014,2025-04-26 19:40:00,Personal Loans,Debt Consolidation Loan,Interest Rate Dispute,Variable rate increase dispute,Mobile App,50,Mass Market,Southwest,42,3,613.27,Urgent issue: Variable rate increase dispute regarding Personal Loans. I request an immediate refund and resolution. My account tenure is 42 months and I expect better service.,2025-04-26 22:40:00,2025-04-28 07:40:00,Closed with Non-Monetary Relief,Full Refund,0,3.0,Tier 1 General,1.5,0,0,LOW
CXP-2024-00075,CUST-10016,2025-03-23 17:12:00,Savings Account,Certificate of Deposit (CD),Account Maintenance,Paper statement fee dispute,Mobile App,31,Premium Cardholder,Southeast,45,38,7502.5,Disputed charge and paper statement fee dispute on Certificate of Deposit (CD). The app crashed and agent on phone was unable to waive fees.,2025-03-24 06:12:00,2025-03-24 19:12:00,Closed with Monetary Relief,Statement Credit,0,4.0,Tier 1 General,1.08,0,0,LOW
CXP-2024-00289,CUST-10017,2024-04-02 19:53:00,Savings Account,Money Market Account,Transfer & Withdrawal Limits,Wire transfer held for security review,Web Portal,29,Mass Market,Southeast,17,19,1862.56,Filing a formal complaint about wire transfer held for security review. Resolution has taken too long and I am considering closing my account.,2024-04-03 14:53:00,2024-04-04 03:53:00,Closed with Non-Monetary Relief,Full Refund,0,4.0,Tier 1 General,1.33,0,0,LOW
CXP-2024-00461,CUST-10017,2024-06-13 19:15:00,Personal Loans,Unsecured Fixed Loan,Interest Rate Dispute,APR miscalculated on installment schedule,Web Portal,29,Mass Market,Southeast,17,19,1862.56,Urgent issue: APR miscalculated on installment schedule regarding Personal Loans. I request an immediate refund and resolution. My account tenure is 17 months and I expect better service.,2024-06-14 00:15:00,2024-06-19 06:15:00,Closed with Explanation,Dispute Denied,0,3.0,Tier 1 General,5.46,1,1,HIGH
CXP-2024-00274,CUST-10018,2024-04-08 16:38:00,Digital Banking,Web Online Portal,Digital Dispute Tool Error,Document upload failing for chargeback,Phone / Contact Center,53,Emerging Wealth,Southwest,9,31,3999.74,Filing a formal complaint about document upload failing for chargeback. Resolution has taken too long and I am considering closing my account.,2024-04-09 06:38:00,2024-04-17 18:38:00,Closed with Non-Monetary Relief,Fee Waived,1,2.0,Tier 2 Escalations,9.08,1,0,CRITICAL
CXP-2024-00362,CUST-10018,2024-07-11 20:24:00,Credit Card,Platinum Rewards Card,Interest Rate Dispute,Balance transfer fee dispute,Web Portal,53,Emerging Wealth,Southwest,9,31,3999.74,Extremely frustrated with the balance transfer fee dispute on my Platinum Rewards Card. This has happened multiple times and customer support failed to resolve it promptly.,2024-07-12 11:24:00,2024-07-13 01:24:00,Closed with Non-Monetary Relief,Statement Credit,0,3.0,Tier 1 General,1.21,0,0,LOW
CXP-2024-00303,CUST-10018,2024-09-06 09:53:00,Credit Card,Basic Credit Card,Rewards Redemption Failure,Points failed to credit after promotion,Mobile App,53,Emerging Wealth,Southwest,9,31,3999.74,Filing a formal complaint about points failed to credit after promotion. Resolution has taken too long and I am considering closing my account.,2024-09-06 17:53:00,2024-09-10 21:53:00,Closed with Explanation,Policy Explanation,0,3.0,Tier 1 General,4.5,0,1,HIGH
CXP-2024-00105,CUST-10019,2024-01-14 15:25:00,Credit Card,Travel Elite Card,Billing & Fee Dispute,Annual fee charged unexpectedly,Mobile App,46,Mass Market,Midwest,106,13,1345.49,Urgent issue: Annual fee charged unexpectedly regarding Credit Card. I request an immediate refund and resolution. My account tenure is 106 months and I expect better service.,2024-01-15 02:25:00,2024-01-15 18:25:00,Closed with Monetary Relief,Full Refund,0,5.0,Billing Services,1.12,0,0,LOW
CXP-2024-00408,CUST-10019,2025-10-02 08:03:00,Credit Card,Platinum Rewards Card,Fraud & Unauthorized Transaction,Card cloned at gas station,Web Portal,46,Mass Market,Midwest,106,13,1345.49,I am writing regarding my Platinum Rewards Card account. I encountered a severe card cloned at gas station on 2025-10-02. I tried resolving this via Web Portal but the service was disappointing.,2025-10-03 01:03:00,2025-10-03 19:03:00,Closed with Explanation,Dispute Denied,0,4.0,Fraud Ops,1.46,0,0,HIGH
CXP-2024-00170,CUST-10020,2024-09-27 14:12:00,Credit Card,Platinum Rewards Card,Credit Line Decrease,Credit score drop notification error,Phone / Contact Center,22,Premium Cardholder,Southwest,40,12,2746.26,Extremely frustrated with the credit score drop notification error on my Platinum Rewards Card. This has happened multiple times and customer support failed to resolve it promptly.,2024-09-27 20:12:00,2024-09-28 17:12:00,Closed with Non-Monetary Relief,Full Refund,0,4.0,Tier 1 General,1.12,0,0,LOW
CXP-2024-00250,CUST-10020,2025-02-09 19:05:00,Digital Banking,Web Online Portal,Security & Credentials,Device registration loop error,Phone / Contact Center,22,Premium Cardholder,Southwest,40,12,2746.26,Disputed charge and device registration loop error on Web Online Portal. The app crashed and agent on phone was unable to waive fees.,2025-02-10 16:05:00,2025-02-20 20:05:00,Closed with Non-Monetary Relief,Fee Waived,0,3.0,Digital Tech Support,11.04,1,0,MEDIUM
CXP-2024-00320,CUST-10020,2025-06-07 15:47:00,Credit Card,Cash Back Preferred,Interest Rate Dispute,Balance transfer fee dispute,Mobile App,22,Premium Cardholder,Southwest,40,12,2746.26,I am writing regarding my Cash Back Preferred account. I encountered a severe balance transfer fee dispute on 2025-06-07. I tried resolving this via Mobile App but the service was disappointing.,2025-06-07 21:47:00,2025-06-16 03:47:00,Closed with Non-Monetary Relief,Full Refund,1,1.0,Tier 2 Escalations,8.5,1,0,CRITICAL
CXP-2024-00393,CUST-10021,2024-04-02 14:10:00,Savings Account,High Yield Savings,Interest Rate Dispute,Interest payout missing for month,Web Portal,52,Premium Cardholder,Southeast,42,38,6677.04,Extremely frustrated with the interest payout missing for month on my High Yield Savings. This has happened multiple times and customer support failed to resolve it promptly.,2024-04-02 21:10:00,2024-04-04 20:10:00,Closed with Explanation,Policy Explanation,0,4.0,Tier 1 General,2.25,0,0,LOW
CXP-2024-00022,CUST-10021,2024-11-29 15:19:00,Savings Account,Certificate of Deposit (CD),Interest Rate Dispute,Promotional APY rate dropped early,Web Portal,52,Premium Cardholder,Southeast,42,38,6677.04,Filing a formal complaint about promotional apy rate dropped early. Resolution has taken too long and I am considering closing my account.,2024-11-30 09:19:00,2024-12-06 00:19:00,Closed with Monetary Relief,Statement Credit,0,2.0,Tier 1 General,6.38,1,0,MEDIUM
CXP-2024-00287,CUST-10021,2025-03-24 15:51:00,Credit Card,Platinum Rewards Card,Rewards Redemption Failure,Cashback balance calculation error,Mobile App,52,Premium Cardholder,Southeast,42,38,6677.04,I am writing regarding my Platinum Rewards Card account. I encountered a severe cashback balance calculation error on 2025-03-24. I tried resolving this via Mobile App but the service was disappointing.,2025-03-25 00:51:00,2025-03-26 00:51:00,Closed with Monetary Relief,Statement Credit,0,5.0,Tier 1 General,1.38,0,0,LOW
CXP-2024-00154,CUST-10021,2025-12-18 10:55:00,Digital Banking,Web Online Portal,Mobile App Access/Outage,Two-factor authentication SMS delayed,Phone / Contact Center,52,Premium Cardholder,Southeast,42,38,6677.04,Extremely frustrated with the two-factor authentication sms delayed on my Web Online Portal. This has happened multiple times and customer support failed to resolve it promptly.,2025-12-19 06:55:00,2025-12-30 19:55:00,Closed with Monetary Relief,Fee Waived,0,4.0,Digital Tech Support,12.38,1,0,MEDIUM
CXP-2024-00157,CUST-10022,2024-12-22 14:35:00,Credit Card,Platinum Rewards Card,Credit Line Decrease,Requested limit increase denied,Branch,43,Mass Market,Midwest,2,13,1635.36,Disputed charge and requested limit increase denied on Platinum Rewards Card. The app crashed and agent on phone was unable to waive fees.,2024-12-23 14:35:00,2024-12-25 17:35:00,Closed with Explanation,Policy Explanation,0,4.0,Tier 1 General,3.12,0,0,LOW
CXP-2024-00217,CUST-10022,2025-11-08 10:31:00,Credit Card,Travel Elite Card,Fraud & Unauthorized Transaction,Phishing transaction alert,Mobile App,43,Mass Market,Midwest,2,13,1635.36,Urgent issue: Phishing transaction alert regarding Credit Card. I request an immediate refund and resolution. My account tenure is 2 months and I expect better service.,2025-11-09 08:31:00,2025-11-10 21:31:00,Closed with Monetary Relief,Fee Waived,0,5.0,Fraud Ops,2.46,0,0,HIGH
CXP-2024-00107,CUST-10023,2024-06-20 15:53:00,Credit Card,Cash Back Preferred,Fraud & Unauthorized Transaction,Card cloned at gas station,Mobile App,44,Mass Market,Southeast,267,11,1471.53,Extremely frustrated with the card cloned at gas station on my Cash Back Preferred. This has happened multiple times and customer support failed to resolve it promptly.,2024-06-21 10:53:00,2024-06-30 19:53:00,Closed with Explanation,Policy Explanation,0,4.0,Fraud Ops,10.17,1,0,HIGH
CXP-2024-00272,CUST-10023,2024-07-22 13:27:00,Digital Banking,Mobile App Android,Mobile App Access/Outage,Session timeout during transfer,Phone / Contact Center,44,Mass Market,Southeast,267,11,1471.53,Disputed charge and session timeout during transfer on Mobile App Android. The app crashed and agent on phone was unable to waive fees.,2024-07-22 22:27:00,2024-07-30 16:27:00,Closed with Monetary Relief,Fee Waived,0,2.0,Digital Tech Support,8.12,1,1,HIGH
CXP-2024-00405,CUST-10024,2024-07-21 12:58:00,Digital Banking,Mobile App Android,Security & Credentials,Unrecognized login security alert,Written / Mail,37,Mass Market,Southeast,26,8,2034.95,Extremely frustrated with the unrecognized login security alert on my Mobile App Android. This has happened multiple times and customer support failed to resolve it promptly.,2024-07-22 01:58:00,2024-07-22 22:58:00,Closed with Explanation,Policy Explanation,0,5.0,Digital Tech Support,1.42,0,0,LOW
CXP-2024-00017,CUST-10024,2024-09-05 13:26:00,Savings Account,Certificate of Deposit (CD),Interest Rate Dispute,Tiered balance APY threshold issue,Web Portal,37,Mass Market,Southeast,26,8,2034.95,Extremely frustrated with the tiered balance apy threshold issue on my Certificate of Deposit (CD). This has happened multiple times and customer support failed to resolve it promptly.,2024-09-06 04:26:00,2024-09-11 15:26:00,Closed with Explanation,Dispute Denied,0,1.0,Tier 1 General,6.08,1,1,HIGH
CXP-2024-00236,CUST-10024,2025-03-31 11:39:00,Credit Card,Basic Credit Card,Interest Rate Dispute,Interest charged during promotional 0% period,Mobile App,37,Mass Market,Southeast,26,8,2034.95,Extremely frustrated with the interest charged during promotional 0% period on my Basic Credit Card. This has happened multiple times and customer support failed to resolve it promptly.,2025-03-31 22:39:00,2025-04-01 16:39:00,Closed with Non-Monetary Relief,Fee Waived,0,4.0,Tier 1 General,1.21,0,0,LOW
CXP-2024-00196,CUST-10024,2025-05-08 11:23:00,Credit Card,Platinum Rewards Card,Fraud & Unauthorized Transaction,Card cloned at gas station,Phone / Contact Center,37,Mass Market,Southeast,26,8,2034.95,Disputed charge and card cloned at gas station on Platinum Rewards Card. The app crashed and agent on phone was unable to waive fees.,2025-05-09 10:23:00,2025-05-11 18:23:00,Closed with Monetary Relief,Statement Credit,0,3.0,Fraud Ops,3.29,0,1,HIGH
CXP-2024-00145,CUST-10024,2025-09-23 18:33:00,Personal Loans,Unsecured Fixed Loan,Loan Payoff & Closing,Title release delayed post payment,Phone / Contact Center,37,Mass Market,Southeast,26,8,2034.95,Urgent issue: Title release delayed post payment regarding Personal Loans. I request an immediate refund and resolution. My account tenure is 26 months and I expect better service.,2025-09-24 05:33:00,2025-09-29 21:33:00,Closed with Explanation,Dispute Denied,0,2.0,Tier 1 General,6.12,1,0,MEDIUM
CXP-2024-00045,CUST-10025,2024-04-11 11:58:00,Savings Account,High Yield Savings,Interest Rate Dispute,Interest payout missing for month,Mobile App,39,Emerging Wealth,Southeast,80,28,3176.47,I am writing regarding my High Yield Savings account. I encountered a severe interest payout missing for month on 2024-04-11. I tried resolving this via Mobile App but the service was disappointing.,2024-04-12 09:58:00,2024-04-20 17:58:00,Closed with Monetary Relief,Full Refund,1,2.0,Tier 2 Escalations,9.25,1,0,CRITICAL
CXP-2024-00169,CUST-10025,2024-12-12 16:27:00,Digital Banking,Mobile App Android,Mobile App Access/Outage,App crashing upon biometric login,Mobile App,39,Emerging Wealth,Southeast,80,28,3176.47,I am writing regarding my Mobile App Android account. I encountered a severe app crashing upon biometric login on 2024-12-12. I tried resolving this via Mobile App but the service was disappointing.,2024-12-12 21:27:00,2024-12-14 00:27:00,Closed with Non-Monetary Relief,Full Refund,0,4.0,Digital Tech Support,1.33,0,0,LOW
CXP-2024-00347,CUST-10026,2025-05-29 13:45:00,Personal Loans,Unsecured Fixed Loan,Billing & Fee Dispute,Origination fee incorrectly applied,Web Portal,72,Mass Market,West Coast,1,13,2212.98,Filing a formal complaint about origination fee incorrectly applied. Resolution has taken too long and I am considering closing my account.,2025-05-29 15:45:00,2025-05-30 18:45:00,Closed with Explanation,Dispute Denied,0,4.0,Billing Services,1.21,0,0,LOW
CXP-2024-00167,CUST-10027,2024-04-07 11:32:00,Digital Banking,Mobile App Android,Mobile App Access/Outage,App crashing upon biometric login,Phone / Contact Center,57,Emerging Wealth,West Coast,77,15,2915.1,Urgent issue: App crashing upon biometric login regarding Digital Banking. I request an immediate refund and resolution. My account tenure is 77 months and I expect better service.,2024-04-08 10:32:00,2024-04-12 23:32:00,Closed with Explanation,Policy Explanation,1,2.0,Tier 2 Escalations,5.5,1,0,CRITICAL
CXP-2024-00426,CUST-10028,2025-01-19 08:36:00,Credit Card,Basic Credit Card,Fraud & Unauthorized Transaction,Card cloned at gas station,Web Portal,54,High Net Worth,Southeast,2,82,13293.67,Filing a formal complaint about card cloned at gas station. Resolution has taken too long and I am considering closing my account.,2025-01-19 18:36:00,2025-01-26 19:36:00,Closed with Non-Monetary Relief,Statement Credit,0,3.0,Fraud Ops,7.46,1,0,HIGH
CXP-2024-00128,CUST-10030,2025-02-01 09:44:00,Personal Loans,Debt Consolidation Loan,Billing & Fee Dispute,Direct debit pulled twice,Mobile App,24,Mass Market,Southeast,44,10,1874.43,Urgent issue: Direct debit pulled twice regarding Personal Loans. I request an immediate refund and resolution. My account tenure is 44 months and I expect better service.,2025-02-01 18:44:00,2025-02-03 15:44:00,Closed with Monetary Relief,Fee Waived,0,5.0,Billing Services,2.25,0,0,LOW
CXP-2024-00325,CUST-10032,2024-07-21 16:49:00,Credit Card,Travel Elite Card,Credit Line Decrease,Credit score drop notification error,Web Portal,46,Mass Market,West Coast,7,14,1967.8,Extremely frustrated with the credit score drop notification error on my Travel Elite Card. This has happened multiple times and customer support failed to resolve it promptly.,2024-07-21 21:49:00,2024-08-02 20:49:00,Closed with Non-Monetary Relief,Full Refund,1,1.0,Tier 2 Escalations,12.17,1,0,CRITICAL
CXP-2024-00400,CUST-10032,2025-04-13 08:29:00,Digital Banking,Mobile App Android,Digital Dispute Tool Error,Dispute submission button unresponsive,Web Portal,46,Mass Market,West Coast,7,14,1967.8,Extremely frustrated with the dispute submission button unresponsive on my Mobile App Android. This has happened multiple times and customer support failed to resolve it promptly.,2025-04-13 16:29:00,2025-04-19 16:29:00,Closed with Monetary Relief,Full Refund,0,3.0,Digital Tech Support,6.33,1,0,MEDIUM
CXP-2024-00136,CUST-10032,2025-12-01 11:01:00,Personal Loans,Debt Consolidation Loan,Interest Rate Dispute,Prepayment penalty charged unfairly,Phone / Contact Center,46,Mass Market,West Coast,7,14,1967.8,Extremely frustrated with the prepayment penalty charged unfairly on my Debt Consolidation Loan. This has happened multiple times and customer support failed to resolve it promptly.,2025-12-02 10:01:00,2025-12-10 22:01:00,Closed with Monetary Relief,Statement Credit,0,5.0,Tier 1 General,9.46,1,0,MEDIUM
CXP-2024-00421,CUST-10034,2024-07-07 19:21:00,Digital Banking,Mobile App Android,Mobile App Access/Outage,Session timeout during transfer,Mobile App,68,Emerging Wealth,Northeast,18,28,4335.06,Filing a formal complaint about session timeout during transfer. Resolution has taken too long and I am considering closing my account.,2024-07-08 12:21:00,2024-07-08 21:21:00,Closed with Monetary Relief,Statement Credit,0,4.0,Digital Tech Support,1.08,0,0,LOW
CXP-2024-00246,CUST-10034,2025-01-10 10:41:00,Credit Card,Platinum Rewards Card,Billing & Fee Dispute,Annual fee charged unexpectedly,Mobile App,68,Emerging Wealth,Northeast,18,28,4335.06,Extremely frustrated with the annual fee charged unexpectedly on my Platinum Rewards Card. This has happened multiple times and customer support failed to resolve it promptly.,2025-01-11 02:41:00,2025-01-14 13:41:00,Closed with Non-Monetary Relief,Full Refund,0,4.0,Billing Services,4.12,0,0,MEDIUM
CXP-2024-00300,CUST-10035,2024-09-10 09:41:00,Savings Account,High Yield Savings,Account Maintenance,Paper statement fee dispute,Phone / Contact Center,43,Premium Cardholder,Midwest,34,65,7764.51,Disputed charge and paper statement fee dispute on High Yield Savings. The app crashed and agent on phone was unable to waive fees.,2024-09-10 23:41:00,2024-09-15 14:41:00,Closed with Explanation,Dispute Denied,0,1.0,Tier 1 General,5.21,1,0,MEDIUM
CXP-2024-00445,CUST-10035,2025-02-06 20:23:00,Personal Loans,Emergency Express Loan,Billing & Fee Dispute,Origination fee incorrectly applied,Phone / Contact Center,43,Premium Cardholder,Midwest,34,65,7764.51,I am writing regarding my Emergency Express Loan account. I encountered a severe origination fee incorrectly applied on 2025-02-06. I tried resolving this via Phone / Contact Center but the service was disappointing.,2025-02-07 14:23:00,2025-02-15 07:23:00,Closed with Non-Monetary Relief,Statement Credit,0,2.0,Billing Services,8.46,1,0,MEDIUM
CXP-2024-00143,CUST-10036,2025-06-17 16:34:00,Credit Card,Basic Credit Card,Credit Line Decrease,Credit score drop notification error,Web Portal,55,Mass Market,Southeast,2,16,1587.75,Disputed charge and credit score drop notification error on Basic Credit Card. The app crashed and agent on phone was unable to waive fees.,2025-06-18 00:34:00,2025-06-18 22:34:00,Closed with Explanation,Dispute Denied,0,5.0,Tier 1 General,1.25,0,0,LOW
CXP-2024-00083,CUST-10038,2024-03-12 20:48:00,Personal Loans,Debt Consolidation Loan,Billing & Fee Dispute,Payment processing delay causing late status,Phone / Contact Center,59,Mass Market,Northeast,16,8,947.87,Urgent issue: Payment processing delay causing late status regarding Personal Loans. I request an immediate refund and resolution. My account tenure is 16 months and I expect better service.,2024-03-13 16:48:00,2024-03-16 06:48:00,Closed with Explanation,Policy Explanation,0,3.0,Billing Services,3.42,0,0,LOW
CXP-2024-00324,CUST-10038,2024-12-06 18:26:00,Savings Account,High Yield Savings,Interest Rate Dispute,Promotional APY rate dropped early,Phone / Contact Center,59,Mass Market,Northeast,16,8,947.87,Urgent issue: Promotional APY rate dropped early regarding Savings Account. I request an immediate refund and resolution. My account tenure is 16 months and I expect better service.,2024-12-07 03:26:00,2024-12-10 01:26:00,Closed with Explanation,Policy Explanation,0,5.0,Tier 1 General,3.29,0,0,LOW
CXP-2024-00375,CUST-10038,2025-11-04 09:12:00,Savings Account,Money Market Account,Account Maintenance,Joint owner addition delayed,Web Portal,59,Mass Market,Northeast,16,8,947.87,Filing a formal complaint about joint owner addition delayed. Resolution has taken too long and I am considering closing my account.,2025-11-05 02:12:00,2025-11-06 10:12:00,Closed with Non-Monetary Relief,Statement Credit,0,4.0,Tier 1 General,2.04,0,0,LOW
CXP-2024-00351,CUST-10039,2024-03-17 11:23:00,Credit Card,Platinum Rewards Card,Rewards Redemption Failure,Travel portal booking error,Web Portal,18,Mass Market,Southeast,40,13,2552.0,Extremely frustrated with the travel portal booking error on my Platinum Rewards Card. This has happened multiple times and customer support failed to resolve it promptly.,2024-03-18 01:23:00,2024-03-18 13:23:00,Closed with Non-Monetary Relief,Full Refund,0,4.0,Tier 1 General,1.08,0,0,LOW
CXP-2024-00353,CUST-10039,2024-07-20 10:55:00,Credit Card,Cash Back Preferred,Fraud & Unauthorized Transaction,Phishing transaction alert,Mobile App,18,Mass Market,Southeast,40,13,2552.0,I am writing regarding my Cash Back Preferred account. I encountered a severe phishing transaction alert on 2024-07-20. I tried resolving this via Mobile App but the service was disappointing.,2024-07-20 12:55:00,2024-07-21 19:55:00,Closed with Non-Monetary Relief,Statement Credit,0,5.0,Fraud Ops,1.38,0,0,HIGH
CXP-2024-00062,CUST-10039,2024-10-16 09:12:00,Credit Card,Cash Back Preferred,Rewards Redemption Failure,Travel portal booking error,Mobile App,18,Mass Market,Southeast,40,13,2552.0,Disputed charge and travel portal booking error on Cash Back Preferred. The app crashed and agent on phone was unable to waive fees.,2024-10-17 04:12:00,2024-10-19 18:12:00,Closed with Non-Monetary Relief,Full Refund,0,5.0,Tier 1 General,3.38,0,1,HIGH
CXP-2024-00223,CUST-10039,2024-12-15 17:05:00,Savings Account,Certificate of Deposit (CD),Interest Rate Dispute,Tiered balance APY threshold issue,Mobile App,18,Mass Market,Southeast,40,13,2552.0,Disputed charge and tiered balance apy threshold issue on Certificate of Deposit (CD). The app crashed and agent on phone was unable to waive fees.,2024-12-16 08:05:00,2024-12-22 01:05:00,Closed with Monetary Relief,Statement Credit,0,2.0,Tier 1 General,6.33,1,1,HIGH
CXP-2024-00023,CUST-10041,2024-06-05 16:08:00,Digital Banking,Mobile App Android,Security & Credentials,Account locked after password reset,Web Portal,52,Premium Cardholder,Midwest,73,27,4842.02,Filing a formal complaint about account locked after password reset. Resolution has taken too long and I am considering closing my account.,2024-06-06 01:08:00,2024-06-16 02:08:00,Closed with Non-Monetary Relief,Full Refund,0,3.0,Digital Tech Support,10.42,1,0,MEDIUM
CXP-2024-00131,CUST-10043,2024-01-14 18:21:00,Digital Banking,Mobile App iOS,Security & Credentials,Device registration loop error,Web Portal,61,Emerging Wealth,Northeast,54,22,3369.56,Extremely frustrated with the device registration loop error on my Mobile App iOS. This has happened multiple times and customer support failed to resolve it promptly.,2024-01-15 17:21:00,2024-01-21 03:21:00,Closed with Monetary Relief,Full Refund,0,1.0,Digital Tech Support,6.38,1,0,MEDIUM
CXP-2024-00052,CUST-10043,2024-07-02 18:20:00,Credit Card,Platinum Rewards Card,Fraud & Unauthorized Transaction,Card cloned at gas station,Web Portal,61,Emerging Wealth,Northeast,54,22,3369.56,Extremely frustrated with the card cloned at gas station on my Platinum Rewards Card. This has happened multiple times and customer support failed to resolve it promptly.,2024-07-03 11:20:00,2024-07-05 21:20:00,Closed with Explanation,Policy Explanation,0,2.0,Fraud Ops,3.12,0,0,HIGH
CXP-2024-00238,CUST-10043,2024-11-07 15:51:00,Credit Card,Platinum Rewards Card,Fraud & Unauthorized Transaction,Unrecognized charge at foreign merchant,Mobile App,61,Emerging Wealth,Northeast,54,22,3369.56,Disputed charge and unrecognized charge at foreign merchant on Platinum Rewards Card. The app crashed and agent on phone was unable to waive fees.,2024-11-08 13:51:00,2024-11-10 01:51:00,Closed with Monetary Relief,Statement Credit,0,4.0,Fraud Ops,2.42,0,0,HIGH
CXP-2024-00468,CUST-10043,2025-05-17 20:13:00,Digital Banking,Mobile App iOS,Security & Credentials,Unrecognized login security alert,Web Portal,61,Emerging Wealth,Northeast,54,22,3369.56,Extremely frustrated with the unrecognized login security alert on my Mobile App iOS. This has happened multiple times and customer support failed to resolve it promptly.,2025-05-18 01:13:00,2025-05-18 22:13:00,Closed with Non-Monetary Relief,Fee Waived,0,3.0,Digital Tech Support,1.08,0,0,LOW
CXP-2024-00368,CUST-10044,2025-03-11 19:59:00,Credit Card,Cash Back Preferred,Credit Line Decrease,Requested limit increase denied,Web Portal,22,Mass Market,Northeast,90,10,1563.71,Disputed charge and requested limit increase denied on Cash Back Preferred. The app crashed and agent on phone was unable to waive fees.,2025-03-12 11:59:00,2025-03-23 06:59:00,Closed with Explanation,Policy Explanation,0,2.0,Tier 1 General,11.46,1,0,MEDIUM
CXP-2024-00227,CUST-10044,2025-08-04 17:58:00,Credit Card,Basic Credit Card,Rewards Redemption Failure,Cashback balance calculation error,Branch,22,Mass Market,Northeast,90,10,1563.71,Extremely frustrated with the cashback balance calculation error on my Basic Credit Card. This has happened multiple times and customer support failed to resolve it promptly.,2025-08-05 06:58:00,2025-08-13 20:58:00,Closed with Explanation,Policy Explanation,0,2.0,Tier 1 General,9.12,1,0,MEDIUM
CXP-2024-00099,CUST-10044,2025-10-03 15:32:00,Digital Banking,Mobile App Android,Digital Dispute Tool Error,Status tracker not updating,Mobile App,22,Mass Market,Northeast,90,10,1563.71,Disputed charge and status tracker not updating on Mobile App Android. The app crashed and agent on phone was unable to waive fees.,2025-10-03 23:32:00,2025-10-16 18:32:00,Closed with Non-Monetary Relief,Full Refund,1,1.0,Tier 2 Escalations,13.12,1,1,CRITICAL
CXP-2024-00443,CUST-10044,2025-10-15 08:18:00,Personal Loans,Emergency Express Loan,Loan Payoff & Closing,Payoff quote expired early,Written / Mail,22,Mass Market,Northeast,90,10,1563.71,Extremely frustrated with the payoff quote expired early on my Emergency Express Loan. This has happened multiple times and customer support failed to resolve it promptly.,2025-10-15 20:18:00,2025-10-19 16:18:00,Closed with Explanation,Policy Explanation,0,5.0,Tier 1 General,4.33,0,1,HIGH
CXP-2024-00175,CUST-10044,2025-12-20 18:55:00,Digital Banking,Web Online Portal,Digital Dispute Tool Error,Dispute submission button unresponsive,Mobile App,22,Mass Market,Northeast,90,10,1563.71,Extremely frustrated with the dispute submission button unresponsive on my Web Online Portal. This has happened multiple times and customer support failed to resolve it promptly.,2025-12-21 16:55:00,2025-12-22 02:55:00,Closed with Explanation,Dispute Denied,0,4.0,Digital Tech Support,1.33,0,1,HIGH
CXP-2024-00041,CUST-10046,2024-03-13 16:53:00,Savings Account,High Yield Savings,Transfer & Withdrawal Limits,ACH transfer failed without notification,Web Portal,20,Mass Market,West Coast,46,13,2618.53,Disputed charge and ach transfer failed without notification on High Yield Savings. The app crashed and agent on phone was unable to waive fees.,2024-03-14 10:53:00,2024-03-14 18:53:00,Closed with Explanation,Policy Explanation,0,5.0,Tier 1 General,1.08,0,0,LOW
CXP-2024-00080,CUST-10046,2025-03-03 19:16:00,Credit Card,Travel Elite Card,Interest Rate Dispute,APR increased without prior notification,Mobile App,20,Mass Market,West Coast,46,13,2618.53,Filing a formal complaint about apr increased without prior notification. Resolution has taken too long and I am considering closing my account.,2025-03-04 18:16:00,2025-03-06 04:16:00,Closed with Non-Monetary Relief,Fee Waived,0,5.0,Tier 1 General,2.38,0,0,LOW
CXP-2024-00334,CUST-10046,2025-08-27 09:45:00,Personal Loans,Debt Consolidation Loan,Loan Payoff & Closing,Title release delayed post payment,Web Portal,20,Mass Market,West Coast,46,13,2618.53,I am writing regarding my Debt Consolidation Loan account. I encountered a severe title release delayed post payment on 2025-08-27. I tried resolving this via Web Portal but the service was disappointing.,2025-08-27 15:45:00,2025-08-29 18:45:00,Closed with Non-Monetary Relief,Statement Credit,0,5.0,Tier 1 General,2.38,0,0,LOW
CXP-2024-00206,CUST-10047,2024-01-07 14:01:00,Personal Loans,Emergency Express Loan,Interest Rate Dispute,Variable rate increase dispute,Mobile App,18,Mass Market,West Coast,145,16,1852.64,I am writing regarding my Emergency Express Loan account. I encountered a severe variable rate increase dispute on 2024-01-07. I tried resolving this via Mobile App but the service was disappointing.,2024-01-07 18:01:00,2024-01-08 19:01:00,Closed with Explanation,Policy Explanation,0,5.0,Tier 1 General,1.21,0,0,LOW
CXP-2024-00222,CUST-10047,2024-09-07 09:52:00,Savings Account,Certificate of Deposit (CD),Account Maintenance,Monthly maintenance fee assessed despite minimum balance,Mobile App,18,Mass Market,West Coast,145,16,1852.64,Filing a formal complaint about monthly maintenance fee assessed despite minimum balance. Resolution has taken too long and I am considering closing my account.,2024-09-08 04:52:00,2024-09-10 21:52:00,Closed with Monetary Relief,Full Refund,1,1.0,Tier 2 Escalations,3.5,0,0,HIGH
CXP-2024-00434,CUST-10048,2025-07-23 14:15:00,Digital Banking,Mobile App Android,Digital Dispute Tool Error,Document upload failing for chargeback,Web Portal,66,Small Business,West Coast,25,32,5440.48,Filing a formal complaint about document upload failing for chargeback. Resolution has taken too long and I am considering closing my account.,2025-07-23 16:15:00,2025-08-01 21:15:00,Closed with Non-Monetary Relief,Full Refund,0,1.0,Digital Tech Support,9.29,1,0,MEDIUM
CXP-2024-00266,CUST-10048,2025-09-20 18:59:00,Savings Account,Certificate of Deposit (CD),Account Maintenance,Paper statement fee dispute,Web Portal,66,Small Business,West Coast,25,32,5440.48,Disputed charge and paper statement fee dispute on Certificate of Deposit (CD). The app crashed and agent on phone was unable to waive fees.,2025-09-21 03:59:00,2025-09-24 23:59:00,Closed with Explanation,Dispute Denied,0,2.0,Tier 1 General,4.21,0,1,HIGH
CXP-2024-00291,CUST-10051,2024-02-22 13:22:00,Credit Card,Cash Back Preferred,Rewards Redemption Failure,Cashback balance calculation error,Mobile App,47,Mass Market,Northeast,31,11,1924.16,I am writing regarding my Cash Back Preferred account. I encountered a severe cashback balance calculation error on 2024-02-22. I tried resolving this via Mobile App but the service was disappointing.,2024-02-23 11:22:00,2024-02-24 18:22:00,Closed with Explanation,Policy Explanation,0,5.0,Tier 1 General,2.21,0,0,LOW
CXP-2024-00050,CUST-10051,2025-03-26 09:29:00,Credit Card,Travel Elite Card,Credit Line Decrease,Credit score drop notification error,Mobile App,47,Mass Market,Northeast,31,11,1924.16,I am writing regarding my Travel Elite Card account. I encountered a severe credit score drop notification error on 2025-03-26. I tried resolving this via Mobile App but the service was disappointing.,2025-03-26 22:29:00,2025-03-29 14:29:00,Closed with Explanation,Policy Explanation,0,3.0,Tier 1 General,3.21,0,0,LOW
CXP-2024-00281,CUST-10052,2024-06-15 12:07:00,Credit Card,Cash Back Preferred,Credit Line Decrease,Credit limit reduced without clear reason,Branch,52,Premium Cardholder,Midwest,7,27,5060.23,Urgent issue: Credit limit reduced without clear reason regarding Credit Card. I request an immediate refund and resolution. My account tenure is 7 months and I expect better service.,2024-06-16 10:07:00,2024-06-20 13:07:00,Closed with Explanation,Dispute Denied,1,1.0,Tier 2 Escalations,5.04,1,0,CRITICAL
CXP-2024-00174,CUST-10052,2024-10-19 10:50:00,Credit Card,Travel Elite Card,Credit Line Decrease,Credit score drop notification error,Branch,52,Premium Cardholder,Midwest,7,27,5060.23,Filing a formal complaint about credit score drop notification error. Resolution has taken too long and I am considering closing my account.,2024-10-20 03:50:00,2024-10-23 21:50:00,Closed with Monetary Relief,Statement Credit,0,3.0,Tier 1 General,4.46,0,0,MEDIUM
CXP-2024-00383,CUST-10052,2025-12-16 14:26:00,Credit Card,Travel Elite Card,Billing & Fee Dispute,Annual fee charged unexpectedly,Branch,52,Premium Cardholder,Midwest,7,27,5060.23,Extremely frustrated with the annual fee charged unexpectedly on my Travel Elite Card. This has happened multiple times and customer support failed to resolve it promptly.,2025-12-17 03:26:00,2025-12-17 19:26:00,Closed with Non-Monetary Relief,Full Refund,0,4.0,Billing Services,1.21,0,0,LOW
CXP-2024-00046,CUST-10053,2024-03-30 16:01:00,Digital Banking,Mobile App iOS,Mobile App Access/Outage,Session timeout during transfer,Web Portal,23,Mass Market,Southwest,328,4,1270.3,Disputed charge and session timeout during transfer on Mobile App iOS. The app crashed and agent on phone was unable to waive fees.,2024-03-30 23:01:00,2024-04-01 21:01:00,Closed with Non-Monetary Relief,Full Refund,0,5.0,Digital Tech Support,2.21,0,0,LOW
CXP-2024-00340,CUST-10054,2024-11-27 17:20:00,Credit Card,Basic Credit Card,Rewards Redemption Failure,Travel portal booking error,Mobile App,54,Mass Market,Midwest,3,14,2496.64,Extremely frustrated with the travel portal booking error on my Basic Credit Card. This has happened multiple times and customer support failed to resolve it promptly.,2024-11-28 15:20:00,2024-11-29 21:20:00,Closed with Non-Monetary Relief,Statement Credit,0,4.0,Tier 1 General,2.17,0,0,LOW
CXP-2024-00163,CUST-10055,2025-10-20 10:47:00,Credit Card,Basic Credit Card,Interest Rate Dispute,Balance transfer fee dispute,Web Portal,46,Mass Market,Southwest,214,3,1214.7,Filing a formal complaint about balance transfer fee dispute. Resolution has taken too long and I am considering closing my account.,2025-10-21 01:47:00,2025-10-23 12:47:00,Closed with Explanation,Dispute Denied,0,4.0,Tier 1 General,3.08,0,0,LOW
CXP-2024-00378,CUST-10056,2025-05-10 15:29:00,Digital Banking,Mobile App iOS,Mobile App Access/Outage,App crashing upon biometric login,Web Portal,39,Small Business,West Coast,66,64,10821.08,Filing a formal complaint about app crashing upon biometric login. Resolution has taken too long and I am considering closing my account.,2025-05-11 01:29:00,2025-05-16 18:29:00,Closed with Non-Monetary Relief,Fee Waived,1,3.0,Tier 2 Escalations,6.12,1,0,CRITICAL
CXP-2024-00364,CUST-10056,2025-08-20 14:51:00,Credit Card,Travel Elite Card,Fraud & Unauthorized Transaction,Unrecognized charge at foreign merchant,Mobile App,39,Small Business,West Coast,66,64,10821.08,I am writing regarding my Travel Elite Card account. I encountered a severe unrecognized charge at foreign merchant on 2025-08-20. I tried resolving this via Mobile App but the service was disappointing.,2025-08-20 23:51:00,2025-08-30 00:51:00,Closed with Monetary Relief,Fee Waived,1,1.0,Tier 2 Escalations,9.42,1,0,CRITICAL
CXP-2024-00097,CUST-10058,2024-07-09 18:59:00,Credit Card,Cash Back Preferred,Rewards Redemption Failure,Travel portal booking error,Mobile App,27,Emerging Wealth,Southwest,44,14,2222.52,Filing a formal complaint about travel portal booking error. Resolution has taken too long and I am considering closing my account.,2024-07-09 22:59:00,2024-07-12 00:59:00,Closed with Non-Monetary Relief,Fee Waived,0,3.0,Tier 1 General,2.25,0,0,LOW
CXP-2024-00288,CUST-10059,2025-11-13 17:15:00,Personal Loans,Unsecured Fixed Loan,Loan Payoff & Closing,Payoff quote expired early,Branch,22,Mass Market,Southeast,235,12,2818.84,Extremely frustrated with the payoff quote expired early on my Unsecured Fixed Loan. This has happened multiple times and customer support failed to resolve it promptly.,2025-11-14 08:15:00,2025-11-18 19:15:00,Closed with Non-Monetary Relief,Fee Waived,0,4.0,Tier 1 General,5.08,1,0,MEDIUM
CXP-2024-00194,CUST-10060,2024-02-15 15:01:00,Digital Banking,Mobile App Android,Mobile App Access/Outage,Two-factor authentication SMS delayed,Mobile App,55,Mass Market,Northeast,36,6,1366.9,Filing a formal complaint about two-factor authentication sms delayed. Resolution has taken too long and I am considering closing my account.,2024-02-16 10:01:00,2024-02-20 23:01:00,Closed with Explanation,Dispute Denied,0,2.0,Digital Tech Support,5.33,1,0,MEDIUM
CXP-2024-00331,CUST-10060,2025-05-13 16:32:00,Savings Account,Money Market Account,Account Maintenance,Monthly maintenance fee assessed despite minimum balance,Web Portal,55,Mass Market,Northeast,36,6,1366.9,Disputed charge and monthly maintenance fee assessed despite minimum balance on Money Market Account. The app crashed and agent on phone was unable to waive fees.,2025-05-14 03:32:00,2025-05-17 19:32:00,Closed with Explanation,Dispute Denied,0,1.0,Tier 1 General,4.12,0,0,MEDIUM
CXP-2024-00001,CUST-10060,2025-09-05 08:17:00,Digital Banking,Mobile App iOS,Digital Dispute Tool Error,Document upload failing for chargeback,Mobile App,55,Mass Market,Northeast,36,6,1366.9,I am writing regarding my Mobile App iOS account. I encountered a severe document upload failing for chargeback on 2025-09-05. I tried resolving this via Mobile App but the service was disappointing.,2025-09-05 11:17:00,2025-09-12 15:17:00,Closed with Non-Monetary Relief,Statement Credit,0,4.0,Digital Tech Support,7.29,1,0,MEDIUM
CXP-2024-00056,CUST-10061,2025-11-17 13:42:00,Personal Loans,Unsecured Fixed Loan,Interest Rate Dispute,Variable rate increase dispute,Web Portal,25,Emerging Wealth,Southwest,36,29,4288.86,I am writing regarding my Unsecured Fixed Loan account. I encountered a severe variable rate increase dispute on 2025-11-17. I tried resolving this via Web Portal but the service was disappointing.,2025-11-18 12:42:00,2025-11-21 20:42:00,Closed with Monetary Relief,Fee Waived,0,4.0,Tier 1 General,4.29,0,0,MEDIUM
CXP-2024-00094,CUST-10062,2025-07-18 08:07:00,Credit Card,Platinum Rewards Card,Rewards Redemption Failure,Travel portal booking error,Mobile App,36,Mass Market,Southwest,38,17,1866.27,Urgent issue: Travel portal booking error regarding Credit Card. I request an immediate refund and resolution. My account tenure is 38 months and I expect better service.,2025-07-19 08:07:00,2025-07-23 17:07:00,Closed with Non-Monetary Relief,Full Refund,0,3.0,Tier 1 General,5.38,1,0,MEDIUM
CXP-2024-00228,CUST-10062,2025-11-05 13:06:00,Personal Loans,Emergency Express Loan,Interest Rate Dispute,Prepayment penalty charged unfairly,Phone / Contact Center,36,Mass Market,Southwest,38,17,1866.27,I am writing regarding my Emergency Express Loan account. I encountered a severe prepayment penalty charged unfairly on 2025-11-05. I tried resolving this via Phone / Contact Center but the service was disappointing.,2025-11-05 23:06:00,2025-11-06 22:06:00,Closed with Explanation,Policy Explanation,0,5.0,Tier 1 General,1.38,0,0,LOW
CXP-2024-00060,CUST-10062,2025-11-25 08:51:00,Digital Banking,Mobile App Android,Security & Credentials,Account locked after password reset,Web Portal,36,Mass Market,Southwest,38,17,1866.27,Urgent issue: Account locked after password reset regarding Digital Banking. I request an immediate refund and resolution. My account tenure is 38 months and I expect better service.,2025-11-25 15:51:00,2025-11-28 18:51:00,Closed with Explanation,Policy Explanation,1,3.0,Tier 2 Escalations,3.42,0,1,HIGH
CXP-2024-00160,CUST-10065,2024-08-08 08:31:00,Credit Card,Platinum Rewards Card,Credit Line Decrease,Credit score drop notification error,Web Portal,46,Emerging Wealth,Northeast,33,20,3073.38,I am writing regarding my Platinum Rewards Card account. I encountered a severe credit score drop notification error on 2024-08-08. I tried resolving this via Web Portal but the service was disappointing.,2024-08-08 15:31:00,2024-08-09 20:31:00,Closed with Explanation,Dispute Denied,0,4.0,Tier 1 General,1.5,0,0,LOW
CXP-2024-00449,CUST-10065,2025-05-02 11:08:00,Personal Loans,Unsecured Fixed Loan,Billing & Fee Dispute,Direct debit pulled twice,Web Portal,46,Emerging Wealth,Northeast,33,20,3073.38,Filing a formal complaint about direct debit pulled twice. Resolution has taken too long and I am considering closing my account.,2025-05-02 21:08:00,2025-05-08 15:08:00,Closed with Non-Monetary Relief,Full Refund,0,4.0,Billing Services,6.17,1,0,MEDIUM
CXP-2024-00108,CUST-10065,2025-11-06 12:58:00,Savings Account,High Yield Savings,Interest Rate Dispute,Interest payout missing for month,Mobile App,46,Emerging Wealth,Northeast,33,20,3073.38,Disputed charge and interest payout missing for month on High Yield Savings. The app crashed and agent on phone was unable to waive fees.,2025-11-07 05:58:00,2025-11-07 23:58:00,Closed with Non-Monetary Relief,Full Refund,0,4.0,Tier 1 General,1.46,0,0,LOW
CXP-2024-00472,CUST-10065,2025-11-26 15:55:00,Personal Loans,Debt Consolidation Loan,Loan Payoff & Closing,Title release delayed post payment,Mobile App,46,Emerging Wealth,Northeast,33,20,3073.38,Disputed charge and title release delayed post payment on Debt Consolidation Loan. The app crashed and agent on phone was unable to waive fees.,2025-11-27 09:55:00,2025-12-03 21:55:00,Closed with Non-Monetary Relief,Fee Waived,0,3.0,Tier 1 General,7.25,1,1,HIGH
CXP-2024-00488,CUST-10065,2025-12-27 15:47:00,Credit Card,Basic Credit Card,Credit Line Decrease,Credit limit reduced without clear reason,Mobile App,46,Emerging Wealth,Northeast,33,20,3073.38,Filing a formal complaint about credit limit reduced without clear reason. Resolution has taken too long and I am considering closing my account.,2025-12-28 02:47:00,2025-12-28 18:47:00,Closed with Explanation,Policy Explanation,0,4.0,Tier 1 General,1.12,0,1,HIGH
CXP-2024-00354,CUST-10066,2025-09-07 19:49:00,Savings Account,High Yield Savings,Interest Rate Dispute,Tiered balance APY threshold issue,Phone / Contact Center,55,Mass Market,West Coast,51,19,1697.04,Urgent issue: Tiered balance APY threshold issue regarding Savings Account. I request an immediate refund and resolution. My account tenure is 51 months and I expect better service.,2025-09-07 22:49:00,2025-09-10 21:49:00,Closed with Non-Monetary Relief,Fee Waived,0,1.0,Tier 1 General,3.08,0,0,LOW
CXP-2024-00015,CUST-10066,2025-10-19 16:22:00,Credit Card,Platinum Rewards Card,Billing & Fee Dispute,Late fee charged despite on-time payment,Mobile App,55,Mass Market,West Coast,51,19,1697.04,I am writing regarding my Platinum Rewards Card account. I encountered a severe late fee charged despite on-time payment on 2025-10-19. I tried resolving this via Mobile App but the service was disappointing.,2025-10-20 06:22:00,2025-10-20 18:22:00,Closed with Explanation,Policy Explanation,0,5.0,Billing Services,1.08,0,1,HIGH
CXP-2024-00332,CUST-10067,2024-04-20 14:21:00,Savings Account,High Yield Savings,Account Maintenance,Monthly maintenance fee assessed despite minimum balance,Mobile App,63,Premium Cardholder,Southwest,61,60,7986.96,Urgent issue: Monthly maintenance fee assessed despite minimum balance regarding Savings Account. I request an immediate refund and resolution. My account tenure is 61 months and I expect better service.,2024-04-21 01:21:00,2024-04-24 19:21:00,Closed with Explanation,Policy Explanation,0,3.0,Tier 1 General,4.21,0,0,MEDIUM
CXP-2024-00366,CUST-10067,2024-09-09 14:03:00,Digital Banking,Mobile App Android,Mobile App Access/Outage,Session timeout during transfer,Web Portal,63,Premium Cardholder,Southwest,61,60,7986.96,Extremely frustrated with the session timeout during transfer on my Mobile App Android. This has happened multiple times and customer support failed to resolve it promptly.,2024-09-09 16:03:00,2024-09-13 16:03:00,Closed with Non-Monetary Relief,Fee Waived,0,4.0,Digital Tech Support,4.08,0,0,MEDIUM
CXP-2024-00399,CUST-10067,2025-05-02 14:00:00,Credit Card,Basic Credit Card,Rewards Redemption Failure,Points failed to credit after promotion,Mobile App,63,Premium Cardholder,Southwest,61,60,7986.96,Filing a formal complaint about points failed to credit after promotion. Resolution has taken too long and I am considering closing my account.,2025-05-02 18:00:00,2025-05-03 23:00:00,Closed with Non-Monetary Relief,Fee Waived,0,4.0,Tier 1 General,1.38,0,0,LOW
CXP-2024-00119,CUST-10068,2024-11-08 14:57:00,Credit Card,Cash Back Preferred,Fraud & Unauthorized Transaction,Phishing transaction alert,Mobile App,28,Emerging Wealth,Southeast,36,21,3252.38,Urgent issue: Phishing transaction alert regarding Credit Card. I request an immediate refund and resolution. My account tenure is 36 months and I expect better service.,2024-11-08 20:57:00,2024-11-16 00:57:00,Closed with Monetary Relief,Full Refund,1,3.0,Tier 2 Escalations,7.42,1,0,CRITICAL
CXP-2024-00484,CUST-10068,2025-05-27 10:46:00,Digital Banking,Web Online Portal,Mobile App Access/Outage,Two-factor authentication SMS delayed,Mobile App,28,Emerging Wealth,Southeast,36,21,3252.38,I am writing regarding my Web Online Portal account. I encountered a severe two-factor authentication sms delayed on 2025-05-27. I tried resolving this via Mobile App but the service was disappointing.,2025-05-27 15:46:00,2025-05-30 19:46:00,Closed with Explanation,Policy Explanation,0,3.0,Digital Tech Support,3.38,0,0,LOW
CXP-2024-00442,CUST-10069,2025-12-30 15:30:00,Credit Card,Basic Credit Card,Interest Rate Dispute,Interest charged during promotional 0% period,Web Portal,40,Emerging Wealth,Northeast,48,30,4553.7,Disputed charge and interest charged during promotional 0% period on Basic Credit Card. The app crashed and agent on phone was unable to waive fees.,2025-12-31 13:30:00,2026-01-01 17:30:00,Closed with Non-Monetary Relief,Fee Waived,0,3.0,Tier 1 General,2.08,0,0,LOW
CXP-2024-00252,CUST-10070,2024-04-08 12:02:00,Savings Account,Certificate of Deposit (CD),Account Maintenance,Paper statement fee dispute,Mobile App,27,Mass Market,Northeast,31,25,2140.73,Filing a formal complaint about paper statement fee dispute. Resolution has taken too long and I am considering closing my account.,2024-04-09 02:02:00,2024-04-12 00:02:00,Closed with Non-Monetary Relief,Statement Credit,0,5.0,Tier 1 General,3.5,0,0,LOW
CXP-2024-00273,CUST-10070,2024-10-07 19:28:00,Digital Banking,Web Online Portal,Security & Credentials,Device registration loop error,Web Portal,27,Mass Market,Northeast,31,25,2140.73,Filing a formal complaint about device registration loop error. Resolution has taken too long and I am considering closing my account.,2024-10-07 21:28:00,2024-10-16 03:28:00,Closed with Explanation,Policy Explanation,0,2.0,Digital Tech Support,8.33,1,0,MEDIUM
CXP-2024-00478,CUST-10071,2024-01-19 11:57:00,Personal Loans,Unsecured Fixed Loan,Loan Payoff & Closing,Overpayment refund check not received,Phone / Contact Center,45,Mass Market,Southeast,129,24,2775.49,I am writing regarding my Unsecured Fixed Loan account. I encountered a severe overpayment refund check not received on 2024-01-19. I tried resolving this via Phone / Contact Center but the service was disappointing.,2024-01-20 10:57:00,2024-01-22 13:57:00,Closed with Explanation,Dispute Denied,0,3.0,Tier 1 General,3.08,0,0,LOW
CXP-2024-00177,CUST-10071,2024-05-27 12:20:00,Digital Banking,Web Online Portal,Security & Credentials,Unrecognized login security alert,Written / Mail,45,Mass Market,Southeast,129,24,2775.49,Urgent issue: Unrecognized login security alert regarding Digital Banking. I request an immediate refund and resolution. My account tenure is 129 months and I expect better service.,2024-05-28 07:20:00,2024-05-28 22:20:00,Closed with Monetary Relief,Statement Credit,0,4.0,Digital Tech Support,1.42,0,0,LOW
CXP-2024-00498,CUST-10071,2025-11-03 15:04:00,Credit Card,Basic Credit Card,Rewards Redemption Failure,Points failed to credit after promotion,Web Portal,45,Mass Market,Southeast,129,24,2775.49,Disputed charge and points failed to credit after promotion on Basic Credit Card. The app crashed and agent on phone was unable to waive fees.,2025-11-04 09:04:00,2025-11-06 21:04:00,Closed with Non-Monetary Relief,Full Refund,0,4.0,Tier 1 General,3.25,0,0,LOW
CXP-2024-00126,CUST-10072,2024-06-27 09:11:00,Credit Card,Basic Credit Card,Rewards Redemption Failure,Cashback balance calculation error,Branch,28,Emerging Wealth,Midwest,31,16,2965.55,I am writing regarding my Basic Credit Card account. I encountered a severe cashback balance calculation error on 2024-06-27. I tried resolving this via Branch but the service was disappointing.,2024-06-27 20:11:00,2024-06-29 11:11:00,Closed with Monetary Relief,Full Refund,0,5.0,Tier 1 General,2.08,0,0,LOW
CXP-2024-00189,CUST-10073,2024-06-07 08:52:00,Personal Loans,Emergency Express Loan,Interest Rate Dispute,APR miscalculated on installment schedule,Phone / Contact Center,26,Small Business,Southeast,264,86,12271.85,Extremely frustrated with the apr miscalculated on installment schedule on my Emergency Express Loan. This has happened multiple times and customer support failed to resolve it promptly.,2024-06-08 03:52:00,2024-06-13 17:52:00,Closed with Non-Monetary Relief,Full Refund,0,1.0,Tier 1 General,6.38,1,0,MEDIUM
CXP-2024-00151,CUST-10073,2025-07-18 18:31:00,Digital Banking,Mobile App Android,Security & Credentials,Unrecognized login security alert,Phone / Contact Center,26,Small Business,Southeast,264,86,12271.85,Urgent issue: Unrecognized login security alert regarding Digital Banking. I request an immediate refund and resolution. My account tenure is 264 months and I expect better service.,2025-07-19 11:31:00,2025-07-29 03:31:00,Closed with Monetary Relief,Statement Credit,1,1.0,Tier 2 Escalations,10.38,1,0,CRITICAL
CXP-2024-00059,CUST-10073,2025-10-12 13:23:00,Credit Card,Cash Back Preferred,Interest Rate Dispute,APR increased without prior notification,Mobile App,26,Small Business,Southeast,264,86,12271.85,Filing a formal complaint about apr increased without prior notification. Resolution has taken too long and I am considering closing my account.,2025-10-13 01:23:00,2025-10-14 01:23:00,Closed with Non-Monetary Relief,Full Refund,0,5.0,Tier 1 General,1.5,0,1,HIGH
CXP-2024-00134,CUST-10074,2024-11-18 11:43:00,Savings Account,Money Market Account,Interest Rate Dispute,Promotional APY rate dropped early,Written / Mail,44,Mass Market,West Coast,1,11,2129.79,Filing a formal complaint about promotional apy rate dropped early. Resolution has taken too long and I am considering closing my account.,2024-11-19 11:43:00,2024-11-19 21:43:00,Closed with Non-Monetary Relief,Full Refund,0,4.0,Tier 1 General,1.42,0,0,LOW
CXP-2024-00247,CUST-10075,2025-01-13 09:51:00,Savings Account,Money Market Account,Interest Rate Dispute,Tiered balance APY threshold issue,Mobile App,22,Premium Cardholder,Southeast,6,38,4858.29,Filing a formal complaint about tiered balance apy threshold issue. Resolution has taken too long and I am considering closing my account.,2025-01-14 06:51:00,2025-01-23 18:51:00,Closed with Monetary Relief,Statement Credit,1,1.0,Tier 2 Escalations,10.38,1,0,CRITICAL
CXP-2024-00444,CUST-10075,2025-05-08 18:24:00,Credit Card,Travel Elite Card,Credit Line Decrease,Requested limit increase denied,Mobile App,22,Premium Cardholder,Southeast,6,38,4858.29,Disputed charge and requested limit increase denied on Travel Elite Card. The app crashed and agent on phone was unable to waive fees.,2025-05-09 18:24:00,2025-05-11 06:24:00,Closed with Non-Monetary Relief,Full Refund,0,5.0,Tier 1 General,2.5,0,0,LOW
CXP-2024-00476,CUST-10076,2024-10-07 15:13:00,Credit Card,Cash Back Preferred,Rewards Redemption Failure,Cashback balance calculation error,Web Portal,51,Mass Market,Midwest,9,15,2151.46,Extremely frustrated with the cashback balance calculation error on my Cash Back Preferred. This has happened multiple times and customer support failed to resolve it promptly.,2024-10-08 03:13:00,2024-10-12 21:13:00,Closed with Explanation,Dispute Denied,0,3.0,Tier 1 General,5.25,1,0,MEDIUM
CXP-2024-00087,CUST-10076,2025-03-21 16:48:00,Digital Banking,Mobile App iOS,Security & Credentials,Unrecognized login security alert,Branch,51,Mass Market,Midwest,9,15,2151.46,Disputed charge and unrecognized login security alert on Mobile App iOS. The app crashed and agent on phone was unable to waive fees.,2025-03-22 13:48:00,2025-04-01 03:48:00,Closed with Monetary Relief,Fee Waived,0,5.0,Digital Tech Support,10.46,1,0,MEDIUM
CXP-2024-00339,CUST-10076,2025-03-27 15:27:00,Credit Card,Platinum Rewards Card,Billing & Fee Dispute,Late fee charged despite on-time payment,Phone / Contact Center,51,Mass Market,Midwest,9,15,2151.46,Disputed charge and late fee charged despite on-time payment on Platinum Rewards Card. The app crashed and agent on phone was unable to waive fees.,2025-03-28 08:27:00,2025-03-30 22:27:00,Closed with Explanation,Dispute Denied,0,3.0,Billing Services,3.29,0,1,HIGH
CXP-2024-00285,CUST-10079,2024-07-28 11:07:00,Personal Loans,Debt Consolidation Loan,Interest Rate Dispute,APR miscalculated on installment schedule,Mobile App,41,Mass Market,Southwest,31,8,1313.98,Filing a formal complaint about apr miscalculated on installment schedule. Resolution has taken too long and I am considering closing my account.,2024-07-29 04:07:00,2024-07-31 17:07:00,Closed with Non-Monetary Relief,Fee Waived,0,3.0,Tier 1 General,3.25,0,0,LOW
CXP-2024-00294,CUST-10080,2024-09-06 19:50:00,Credit Card,Travel Elite Card,Fraud & Unauthorized Transaction,Phishing transaction alert,Mobile App,49,High Net Worth,Southeast,91,64,7376.79,Extremely frustrated with the phishing transaction alert on my Travel Elite Card. This has happened multiple times and customer support failed to resolve it promptly.,2024-09-07 04:50:00,2024-09-09 06:50:00,Closed with Explanation,Dispute Denied,0,4.0,Fraud Ops,2.46,0,0,HIGH
CXP-2024-00153,CUST-10080,2024-11-11 14:43:00,Credit Card,Basic Credit Card,Fraud & Unauthorized Transaction,Unrecognized charge at foreign merchant,Phone / Contact Center,49,High Net Worth,Southeast,91,64,7376.79,Urgent issue: Unrecognized charge at foreign merchant regarding Credit Card. I request an immediate refund and resolution. My account tenure is 91 months and I expect better service.,2024-11-12 12:43:00,2024-11-18 18:43:00,Closed with Non-Monetary Relief,Fee Waived,1,2.0,Tier 2 Escalations,7.17,1,1,CRITICAL
CXP-2024-00459,CUST-10081,2024-03-28 18:13:00,Credit Card,Cash Back Preferred,Fraud & Unauthorized Transaction,Unrecognized charge at foreign merchant,Web Portal,21,High Net Worth,Northeast,44,83,12021.1,Disputed charge and unrecognized charge at foreign merchant on Cash Back Preferred. The app crashed and agent on phone was unable to waive fees.,2024-03-29 17:13:00,2024-03-30 01:13:00,Closed with Explanation,Policy Explanation,0,3.0,Fraud Ops,1.29,0,0,HIGH
CXP-2024-00391,CUST-10081,2024-08-26 18:37:00,Savings Account,Money Market Account,Transfer & Withdrawal Limits,CD early withdrawal penalty error,Mobile App,21,High Net Worth,Northeast,44,83,12021.1,I am writing regarding my Money Market Account account. I encountered a severe cd early withdrawal penalty error on 2024-08-26. I tried resolving this via Mobile App but the service was disappointing.,2024-08-27 03:37:00,2024-08-31 21:37:00,Closed with Non-Monetary Relief,Full Refund,1,1.0,Tier 2 Escalations,5.12,1,0,CRITICAL
CXP-2024-00500,CUST-10083,2025-12-20 11:28:00,Credit Card,Basic Credit Card,Billing & Fee Dispute,Late fee charged despite on-time payment,Web Portal,59,Emerging Wealth,Southwest,17,20,4474.39,Extremely frustrated with the late fee charged despite on-time payment on my Basic Credit Card. This has happened multiple times and customer support failed to resolve it promptly.,2025-12-20 23:28:00,2025-12-22 17:28:00,Closed with Monetary Relief,Fee Waived,0,4.0,Billing Services,2.25,0,0,LOW
CXP-2024-00407,CUST-10084,2024-06-04 15:27:00,Digital Banking,Mobile App iOS,Security & Credentials,Account locked after password reset,Mobile App,52,Emerging Wealth,Northeast,105,13,1585.78,I am writing regarding my Mobile App iOS account. I encountered a severe account locked after password reset on 2024-06-04. I tried resolving this via Mobile App but the service was disappointing.,2024-06-04 23:27:00,2024-06-10 22:27:00,Closed with Monetary Relief,Full Refund,0,3.0,Digital Tech Support,6.29,1,0,MEDIUM
CXP-2024-00256,CUST-10085,2024-08-22 19:39:00,Digital Banking,Mobile App Android,Security & Credentials,Device registration loop error,Web Portal,50,Mass Market,Southeast,34,18,2599.91,Urgent issue: Device registration loop error regarding Digital Banking. I request an immediate refund and resolution. My account tenure is 34 months and I expect better service.,2024-08-23 16:39:00,2024-08-25 00:39:00,Closed with Non-Monetary Relief,Fee Waived,0,5.0,Digital Tech Support,2.21,0,0,LOW
CXP-2024-00040,CUST-10086,2024-07-12 08:31:00,Savings Account,Money Market Account,Interest Rate Dispute,Promotional APY rate dropped early,Mobile App,30,Emerging Wealth,West Coast,24,25,4314.13,I am writing regarding my Money Market Account account. I encountered a severe promotional apy rate dropped early on 2024-07-12. I tried resolving this via Mobile App but the service was disappointing.,2024-07-12 15:31:00,2024-07-13 20:31:00,Closed with Explanation,Policy Explanation,0,4.0,Tier 1 General,1.5,0,0,LOW
CXP-2024-00184,CUST-10086,2025-08-26 11:55:00,Savings Account,Money Market Account,Interest Rate Dispute,Tiered balance APY threshold issue,Mobile App,30,Emerging Wealth,West Coast,24,25,4314.13,Urgent issue: Tiered balance APY threshold issue regarding Savings Account. I request an immediate refund and resolution. My account tenure is 24 months and I expect better service.,2025-08-26 18:55:00,2025-09-03 16:55:00,Closed with Non-Monetary Relief,Statement Credit,0,3.0,Tier 1 General,8.21,1,0,MEDIUM
CXP-2024-00258,CUST-10087,2025-10-14 20:12:00,Credit Card,Cash Back Preferred,Credit Line Decrease,Credit score drop notification error,Phone / Contact Center,45,Mass Market,Southwest,43,14,1576.64,I am writing regarding my Cash Back Preferred account. I encountered a severe credit score drop notification error on 2025-10-14. I tried resolving this via Phone / Contact Center but the service was disappointing.,2025-10-15 03:12:00,2025-10-17 07:12:00,Closed with Explanation,Dispute Denied,0,4.0,Tier 1 General,2.46,0,0,LOW
CXP-2024-00123,CUST-10089,2024-01-15 12:40:00,Credit Card,Cash Back Preferred,Billing & Fee Dispute,Late fee charged despite on-time payment,Branch,49,Premium Cardholder,Northeast,85,35,5668.76,Disputed charge and late fee charged despite on-time payment on Cash Back Preferred. The app crashed and agent on phone was unable to waive fees.,2024-01-16 10:40:00,2024-01-25 16:40:00,Closed with Non-Monetary Relief,Fee Waived,1,1.0,Tier 2 Escalations,10.17,1,0,CRITICAL
CXP-2024-00020,CUST-10089,2024-10-22 13:08:00,Personal Loans,Emergency Express Loan,Billing & Fee Dispute,Payment processing delay causing late status,Phone / Contact Center,49,Premium Cardholder,Northeast,85,35,5668.76,I am writing regarding my Emergency Express Loan account. I encountered a severe payment processing delay causing late status on 2024-10-22. I tried resolving this via Phone / Contact Center but the service was disappointing.,2024-10-23 09:08:00,2024-10-23 20:08:00,Closed with Non-Monetary Relief,Full Refund,0,4.0,Billing Services,1.29,0,0,LOW
CXP-2024-00283,CUST-10089,2025-12-01 17:13:00,Credit Card,Basic Credit Card,Fraud & Unauthorized Transaction,Card cloned at gas station,Phone / Contact Center,49,Premium Cardholder,Northeast,85,35,5668.76,Urgent issue: Card cloned at gas station regarding Credit Card. I request an immediate refund and resolution. My account tenure is 85 months and I expect better service.,2025-12-02 05:13:00,2025-12-04 23:13:00,Closed with Non-Monetary Relief,Statement Credit,0,3.0,Fraud Ops,3.25,0,0,HIGH
CXP-2024-00495,CUST-10090,2024-07-23 19:11:00,Savings Account,Money Market Account,Transfer & Withdrawal Limits,Wire transfer held for security review,Web Portal,27,Mass Market,West Coast,3,8,1821.66,Extremely frustrated with the wire transfer held for security review on my Money Market Account. This has happened multiple times and customer support failed to resolve it promptly.,2024-07-24 01:11:00,2024-07-25 03:11:00,Closed with Explanation,Policy Explanation,0,4.0,Tier 1 General,1.33,0,0,LOW
CXP-2024-00207,CUST-10090,2024-08-19 09:34:00,Credit Card,Cash Back Preferred,Billing & Fee Dispute,Autopay processing error,Mobile App,27,Mass Market,West Coast,3,8,1821.66,Filing a formal complaint about autopay processing error. Resolution has taken too long and I am considering closing my account.,2024-08-20 01:34:00,2024-08-25 18:34:00,Closed with Non-Monetary Relief,Full Refund,0,2.0,Billing Services,6.38,1,1,HIGH
CXP-2024-00021,CUST-10091,2024-02-05 14:03:00,Credit Card,Cash Back Preferred,Interest Rate Dispute,Balance transfer fee dispute,Phone / Contact Center,39,Mass Market,Northeast,19,13,2992.06,I am writing regarding my Cash Back Preferred account. I encountered a severe balance transfer fee dispute on 2024-02-05. I tried resolving this via Phone / Contact Center but the service was disappointing.,2024-02-06 14:03:00,2024-02-07 01:03:00,Closed with Explanation,Dispute Denied,0,4.0,Tier 1 General,1.46,0,0,LOW
CXP-2024-00268,CUST-10091,2024-11-14 11:20:00,Digital Banking,Mobile App iOS,Mobile App Access/Outage,Two-factor authentication SMS delayed,Phone / Contact Center,39,Mass Market,Northeast,19,13,2992.06,I am writing regarding my Mobile App iOS account. I encountered a severe two-factor authentication sms delayed on 2024-11-14. I tried resolving this via Phone / Contact Center but the service was disappointing.,2024-11-14 17:20:00,2024-11-17 12:20:00,Closed with Non-Monetary Relief,Statement Credit,0,1.0,Digital Tech Support,3.04,0,0,LOW
CXP-2024-00454,CUST-10091,2024-12-03 11:08:00,Savings Account,Certificate of Deposit (CD),Interest Rate Dispute,Promotional APY rate dropped early,Web Portal,39,Mass Market,Northeast,19,13,2992.06,Extremely frustrated with the promotional apy rate dropped early on my Certificate of Deposit (CD). This has happened multiple times and customer support failed to resolve it promptly.,2024-12-03 18:08:00,2024-12-06 23:08:00,Closed with Explanation,Policy Explanation,0,3.0,Tier 1 General,3.5,0,1,HIGH
CXP-2024-00068,CUST-10093,2024-08-14 09:53:00,Credit Card,Platinum Rewards Card,Credit Line Decrease,Credit limit reduced without clear reason,Web Portal,57,Small Business,Southeast,28,62,11849.59,Disputed charge and credit limit reduced without clear reason on Platinum Rewards Card. The app crashed and agent on phone was unable to waive fees.,2024-08-14 22:53:00,2024-08-18 20:53:00,Closed with Non-Monetary Relief,Statement Credit,0,1.0,Tier 1 General,4.46,0,0,MEDIUM
CXP-2024-00036,CUST-10093,2024-12-15 08:11:00,Digital Banking,Mobile App iOS,Mobile App Access/Outage,Two-factor authentication SMS delayed,Mobile App,57,Small Business,Southeast,28,62,11849.59,Disputed charge and two-factor authentication sms delayed on Mobile App iOS. The app crashed and agent on phone was unable to waive fees.,2024-12-16 01:11:00,2024-12-16 17:11:00,Closed with Non-Monetary Relief,Statement Credit,0,5.0,Digital Tech Support,1.38,0,0,LOW
CXP-2024-00496,CUST-10093,2024-12-29 10:33:00,Credit Card,Platinum Rewards Card,Interest Rate Dispute,Interest charged during promotional 0% period,Phone / Contact Center,57,Small Business,Southeast,28,62,11849.59,Urgent issue: Interest charged during promotional 0% period regarding Credit Card. I request an immediate refund and resolution. My account tenure is 28 months and I expect better service.,2024-12-29 21:33:00,2025-01-07 13:33:00,Closed with Monetary Relief,Fee Waived,0,3.0,Tier 1 General,9.12,1,1,HIGH
CXP-2024-00149,CUST-10093,2025-06-21 09:10:00,Savings Account,Money Market Account,Interest Rate Dispute,Interest payout missing for month,Mobile App,57,Small Business,Southeast,28,62,11849.59,Disputed charge and interest payout missing for month on Money Market Account. The app crashed and agent on phone was unable to waive fees.,2025-06-22 05:10:00,2025-06-24 20:10:00,Closed with Non-Monetary Relief,Full Refund,0,1.0,Tier 1 General,3.46,0,0,LOW
CXP-2024-00031,CUST-10093,2025-09-19 13:51:00,Credit Card,Cash Back Preferred,Fraud & Unauthorized Transaction,Card cloned at gas station,Phone / Contact Center,57,Small Business,Southeast,28,62,11849.59,I am writing regarding my Cash Back Preferred account. I encountered a severe card cloned at gas station on 2025-09-19. I tried resolving this via Phone / Contact Center but the service was disappointing.,2025-09-20 03:51:00,2025-09-20 22:51:00,Closed with Monetary Relief,Statement Credit,0,3.0,Fraud Ops,1.38,0,1,HIGH
CXP-2024-00257,CUST-10094,2024-05-24 16:57:00,Personal Loans,Debt Consolidation Loan,Loan Payoff & Closing,Title release delayed post payment,Mobile App,35,Mass Market,Southeast,5,18,2452.93,Filing a formal complaint about title release delayed post payment. Resolution has taken too long and I am considering closing my account.,2024-05-25 15:57:00,2024-05-26 23:57:00,Closed with Monetary Relief,Statement Credit,0,5.0,Tier 1 General,2.29,0,0,LOW
CXP-2024-00208,CUST-10096,2025-07-01 08:08:00,Digital Banking,Mobile App Android,Digital Dispute Tool Error,Document upload failing for chargeback,Mobile App,32,Emerging Wealth,Northeast,155,19,2894.99,Filing a formal complaint about document upload failing for chargeback. Resolution has taken too long and I am considering closing my account.,2025-07-02 05:08:00,2025-07-02 11:08:00,Closed with Explanation,Dispute Denied,0,5.0,Digital Tech Support,1.12,0,0,LOW
CXP-2024-00370,CUST-10096,2025-11-15 15:50:00,Credit Card,Platinum Rewards Card,Credit Line Decrease,Requested limit increase denied,Mobile App,32,Emerging Wealth,Northeast,155,19,2894.99,Urgent issue: Requested limit increase denied regarding Credit Card. I request an immediate refund and resolution. My account tenure is 155 months and I expect better service.,2025-11-15 17:50:00,2025-11-21 16:50:00,Closed with Explanation,Dispute Denied,0,5.0,Tier 1 General,6.04,1,0,MEDIUM
CXP-2024-00230,CUST-10097,2024-02-14 14:26:00,Digital Banking,Web Online Portal,Security & Credentials,Device registration loop error,Phone / Contact Center,46,Emerging Wealth,Midwest,53,20,3555.61,No complaint narrative provided.,2024-02-15 01:26:00,2024-02-17 20:26:00,Closed with Non-Monetary Relief,Fee Waived,0,3.0,Digital Tech Support,3.25,0,0,LOW
CXP-2024-00239,CUST-10100,2024-08-31 09:58:00,Credit Card,Travel Elite Card,Interest Rate Dispute,APR increased without prior notification,Web Portal,44,Premium Cardholder,Midwest,32,27,4793.6,Urgent issue: APR increased without prior notification regarding Credit Card. I request an immediate refund and resolution. My account tenure is 32 months and I expect better service.,2024-09-01 08:58:00,2024-09-15 18:58:00,Closed with Monetary Relief,Full Refund,1,1.0,Tier 2 Escalations,15.38,1,0,CRITICAL
CXP-2024-00006,CUST-10101,2025-11-29 13:33:00,Credit Card,Basic Credit Card,Fraud & Unauthorized Transaction,Phishing transaction alert,Web Portal,24,Mass Market,Midwest,67,11,1151.82,No complaint narrative provided.,2025-11-30 01:33:00,2025-11-30 14:33:00,Closed with Non-Monetary Relief,Full Refund,0,3.0,Fraud Ops,1.04,0,0,HIGH
CXP-2024-00335,CUST-10102,2024-02-14 09:09:00,Credit Card,Travel Elite Card,Rewards Redemption Failure,Points failed to credit after promotion,Branch,33,Mass Market,Northeast,109,8,1705.0,Urgent issue: Points failed to credit after promotion regarding Credit Card. I request an immediate refund and resolution. My account tenure is 109 months and I expect better service.,2024-02-14 18:09:00,2024-02-16 19:09:00,Closed with Non-Monetary Relief,Fee Waived,0,5.0,Tier 1 General,2.42,0,0,LOW
CXP-2024-00317,CUST-10103,2024-11-18 11:15:00,Credit Card,Cash Back Preferred,Billing & Fee Dispute,Autopay processing error,Phone / Contact Center,46,Mass Market,West Coast,130,13,1450.26,Extremely frustrated with the autopay processing error on my Cash Back Preferred. This has happened multiple times and customer support failed to resolve it promptly.,2024-11-19 02:15:00,2024-11-19 21:15:00,Closed with Explanation,Policy Explanation,0,5.0,Billing Services,1.42,0,0,LOW
CXP-2024-00474,CUST-10103,2025-08-29 16:43:00,Credit Card,Travel Elite Card,Rewards Redemption Failure,Points failed to credit after promotion,Written / Mail,46,Mass Market,West Coast,130,13,1450.26,Disputed charge and points failed to credit after promotion on Travel Elite Card. The app crashed and agent on phone was unable to waive fees.,2025-08-29 21:43:00,2025-09-01 22:43:00,Closed with Explanation,Dispute Denied,0,5.0,Tier 1 General,3.25,0,0,LOW
CXP-2024-00389,CUST-10103,2025-10-15 10:34:00,Personal Loans,Debt Consolidation Loan,Billing & Fee Dispute,Origination fee incorrectly applied,Written / Mail,46,Mass Market,West Coast,130,13,1450.26,Disputed charge and origination fee incorrectly applied on Debt Consolidation Loan. The app crashed and agent on phone was unable to waive fees.,2025-10-16 08:34:00,2025-10-16 15:34:00,Closed with Explanation,Policy Explanation,0,3.0,Billing Services,1.21,0,1,HIGH
CXP-2024-00469,CUST-10103,2025-11-21 09:19:00,Credit Card,Basic Credit Card,Credit Line Decrease,Credit score drop notification error,Phone / Contact Center,46,Mass Market,West Coast,130,13,1450.26,Disputed charge and credit score drop notification error on Basic Credit Card. The app crashed and agent on phone was unable to waive fees.,2025-11-22 07:19:00,2025-12-02 14:19:00,Closed with Monetary Relief,Fee Waived,1,1.0,Tier 2 Escalations,11.21,1,1,CRITICAL
CXP-2024-00456,CUST-10104,2025-08-16 13:58:00,Digital Banking,Mobile App iOS,Security & Credentials,Unrecognized login security alert,Mobile App,34,Emerging Wealth,Southeast,207,21,3439.21,Extremely frustrated with the unrecognized login security alert on my Mobile App iOS. This has happened multiple times and customer support failed to resolve it promptly.,2025-08-17 11:58:00,2025-08-19 22:58:00,Closed with Explanation,Dispute Denied,0,5.0,Digital Tech Support,3.38,0,0,LOW
CXP-2024-00173,CUST-10105,2024-01-07 14:42:00,Savings Account,Money Market Account,Account Maintenance,Joint owner addition delayed,Mobile App,56,Mass Market,Southeast,30,8,1490.53,Urgent issue: Joint owner addition delayed regarding Savings Account. I request an immediate refund and resolution. My account tenure is 30 months and I expect better service.,2024-01-08 06:42:00,2024-01-11 01:42:00,Closed with Non-Monetary Relief,Fee Waived,0,5.0,Tier 1 General,3.46,0,0,LOW
CXP-2024-00369,CUST-10105,2024-01-16 17:55:00,Credit Card,Basic Credit Card,Billing & Fee Dispute,Annual fee charged unexpectedly,Web Portal,56,Mass Market,Southeast,30,8,1490.53,Disputed charge and annual fee charged unexpectedly on Basic Credit Card. The app crashed and agent on phone was unable to waive fees.,2024-01-16 19:55:00,2024-01-23 22:55:00,Closed with Non-Monetary Relief,Statement Credit,1,4.0,Tier 2 Escalations,7.21,1,1,CRITICAL
CXP-2024-00193,CUST-10105,2025-02-05 16:36:00,Digital Banking,Mobile App iOS,Security & Credentials,Account locked after password reset,Web Portal,56,Mass Market,Southeast,30,8,1490.53,Extremely frustrated with the account locked after password reset on my Mobile App iOS. This has happened multiple times and customer support failed to resolve it promptly.,2025-02-06 03:36:00,2025-02-06 19:36:00,Closed with Monetary Relief,Fee Waived,0,5.0,Digital Tech Support,1.12,0,0,LOW
CXP-2024-00176,CUST-10105,2025-06-29 13:04:00,Credit Card,Platinum Rewards Card,Interest Rate Dispute,APR increased without prior notification,Phone / Contact Center,56,Mass Market,Southeast,30,8,1490.53,Disputed charge and apr increased without prior notification on Platinum Rewards Card. The app crashed and agent on phone was unable to waive fees.,2025-06-30 13:04:00,2025-07-02 20:04:00,Closed with Monetary Relief,Full Refund,0,1.0,Tier 1 General,3.29,0,0,LOW
CXP-2024-00251,CUST-10107,2024-09-19 08:44:00,Digital Banking,Mobile App iOS,Security & Credentials,Unrecognized login security alert,Phone / Contact Center,31,Small Business,Southeast,21,34,4714.69,Urgent issue: Unrecognized login security alert regarding Digital Banking. I request an immediate refund and resolution. My account tenure is 21 months and I expect better service.,2024-09-20 07:44:00,2024-09-20 16:44:00,Closed with Explanation,Dispute Denied,0,5.0,Digital Tech Support,1.33,0,0,LOW
CXP-2024-00481,CUST-10107,2025-06-02 16:28:00,Credit Card,Travel Elite Card,Rewards Redemption Failure,Cashback balance calculation error,Mobile App,31,Small Business,Southeast,21,34,4714.69,I am writing regarding my Travel Elite Card account. I encountered a severe cashback balance calculation error on 2025-06-02. I tried resolving this via Mobile App but the service was disappointing.,2025-06-03 04:28:00,2025-06-06 22:28:00,Closed with Non-Monetary Relief,Fee Waived,0,3.0,Tier 1 General,4.25,0,0,MEDIUM
CXP-2024-00199,CUST-10107,2025-06-08 20:53:00,Digital Banking,Web Online Portal,Security & Credentials,Unrecognized login security alert,Phone / Contact Center,31,Small Business,Southeast,21,34,4714.69,Extremely frustrated with the unrecognized login security alert on my Web Online Portal. This has happened multiple times and customer support failed to resolve it promptly.,2025-06-09 11:53:00,2025-06-10 01:53:00,Closed with Non-Monetary Relief,Statement Credit,0,5.0,Digital Tech Support,1.21,0,1,HIGH
CXP-2024-00265,CUST-10108,2024-11-23 18:07:00,Credit Card,Basic Credit Card,Credit Line Decrease,Credit limit reduced without clear reason,Mobile App,31,High Net Worth,Southeast,29,17,2556.83,Urgent issue: Credit limit reduced without clear reason regarding Credit Card. I request an immediate refund and resolution. My account tenure is 29 months and I expect better service.,2024-11-24 06:07:00,2024-11-25 20:07:00,Closed with Explanation,Dispute Denied,0,4.0,Tier 1 General,2.08,0,0,LOW
CXP-2024-00292,CUST-10110,2025-03-12 13:13:00,Credit Card,Basic Credit Card,Billing & Fee Dispute,Autopay processing error,Phone / Contact Center,34,Mass Market,Southeast,85,3,935.71,Urgent issue: Autopay processing error regarding Credit Card. I request an immediate refund and resolution. My account tenure is 85 months and I expect better service.,2025-03-13 13:13:00,2025-03-15 16:13:00,Closed with Monetary Relief,Full Refund,0,4.0,Billing Services,3.12,0,0,LOW
CXP-2024-00049,CUST-10110,2025-06-16 09:57:00,Credit Card,Basic Credit Card,Billing & Fee Dispute,Late fee charged despite on-time payment,Web Portal,34,Mass Market,Southeast,85,3,935.71,Extremely frustrated with the late fee charged despite on-time payment on my Basic Credit Card. This has happened multiple times and customer support failed to resolve it promptly.,2025-06-16 14:57:00,2025-06-18 12:57:00,Closed with Monetary Relief,Fee Waived,0,4.0,Billing Services,2.12,0,0,LOW
CXP-2024-00072,CUST-10111,2024-03-19 18:34:00,Credit Card,Cash Back Preferred,Rewards Redemption Failure,Travel portal booking error,Web Portal,32,Emerging Wealth,Southeast,149,10,2570.29,Filing a formal complaint about travel portal booking error. Resolution has taken too long and I am considering closing my account.,2024-03-20 17:34:00,2024-03-21 00:34:00,Closed with Explanation,Dispute Denied,0,4.0,Tier 1 General,1.25,0,0,LOW
CXP-2024-00019,CUST-10111,2025-04-17 20:33:00,Savings Account,Certificate of Deposit (CD),Account Maintenance,Joint owner addition delayed,Phone / Contact Center,32,Emerging Wealth,Southeast,149,10,2570.29,Extremely frustrated with the joint owner addition delayed on my Certificate of Deposit (CD). This has happened multiple times and customer support failed to resolve it promptly.,2025-04-18 07:33:00,2025-04-19 03:33:00,Closed with Monetary Relief,Statement Credit,0,3.0,Tier 1 General,1.29,0,0,LOW
CXP-2024-00139,CUST-10112,2025-02-01 19:49:00,Credit Card,Basic Credit Card,Rewards Redemption Failure,Points failed to credit after promotion,Web Portal,47,Mass Market,Southeast,15,3,1207.93,Urgent issue: Points failed to credit after promotion regarding Credit Card. I request an immediate refund and resolution. My account tenure is 15 months and I expect better service.,2025-02-02 10:49:00,2025-02-06 00:49:00,Closed with Explanation,Dispute Denied,0,1.0,Tier 1 General,4.21,0,0,MEDIUM
CXP-2024-00100,CUST-10113,2024-08-08 13:14:00,Savings Account,Certificate of Deposit (CD),Account Maintenance,Joint owner addition delayed,Branch,54,Mass Market,Southeast,34,4,975.3,Disputed charge and joint owner addition delayed on Certificate of Deposit (CD). The app crashed and agent on phone was unable to waive fees.,2024-08-08 17:14:00,2024-08-13 19:14:00,Closed with Non-Monetary Relief,Full Refund,1,3.0,Tier 2 Escalations,5.25,1,0,CRITICAL
CXP-2024-00450,CUST-10114,2024-03-09 09:09:00,Credit Card,Basic Credit Card,Interest Rate Dispute,Balance transfer fee dispute,Written / Mail,48,Emerging Wealth,Southeast,4,28,2985.76,Extremely frustrated with the balance transfer fee dispute on my Basic Credit Card. This has happened multiple times and customer support failed to resolve it promptly.,2024-03-09 15:09:00,2024-03-12 14:09:00,Closed with Non-Monetary Relief,Statement Credit,1,1.0,Tier 2 Escalations,3.21,0,0,HIGH
CXP-2024-00205,CUST-10114,2024-07-27 10:19:00,Credit Card,Cash Back Preferred,Credit Line Decrease,Requested limit increase denied,Branch,48,Emerging Wealth,Southeast,4,28,2985.76,Filing a formal complaint about requested limit increase denied. Resolution has taken too long and I am considering closing my account.,2024-07-27 21:19:00,2024-07-30 15:19:00,Closed with Monetary Relief,Statement Credit,1,2.0,Tier 2 Escalations,3.21,0,0,HIGH
CXP-2024-00451,CUST-10114,2024-08-02 16:36:00,Credit Card,Travel Elite Card,Credit Line Decrease,Credit score drop notification error,Phone / Contact Center,48,Emerging Wealth,Southeast,4,28,2985.76,I am writing regarding my Travel Elite Card account. I encountered a severe credit score drop notification error on 2024-08-02. I tried resolving this via Phone / Contact Center but the service was disappointing.,2024-08-03 13:36:00,2024-08-04 23:36:00,Closed with Monetary Relief,Fee Waived,0,5.0,Tier 1 General,2.29,0,1,HIGH
CXP-2024-00440,CUST-10114,2025-11-26 09:22:00,Credit Card,Platinum Rewards Card,Fraud & Unauthorized Transaction,Phishing transaction alert,Mobile App,48,Emerging Wealth,Southeast,4,28,2985.76,Disputed charge and phishing transaction alert on Platinum Rewards Card. The app crashed and agent on phone was unable to waive fees.,2025-11-26 23:22:00,2025-12-02 10:22:00,Closed with Monetary Relief,Statement Credit,0,3.0,Fraud Ops,6.04,1,0,HIGH
CXP-2024-00282,CUST-10115,2025-12-26 14:24:00,Credit Card,Basic Credit Card,Fraud & Unauthorized Transaction,Card cloned at gas station,Mobile App,64,Emerging Wealth,Northeast,95,17,2291.81,Urgent issue: Card cloned at gas station regarding Credit Card. I request an immediate refund and resolution. My account tenure is 95 months and I expect better service.,2025-12-27 11:24:00,2025-12-29 20:24:00,Closed with Monetary Relief,Fee Waived,0,2.0,Fraud Ops,3.25,0,0,HIGH
CXP-2024-00084,CUST-10116,2024-07-14 18:50:00,Personal Loans,Debt Consolidation Loan,Interest Rate Dispute,APR miscalculated on installment schedule,Web Portal,34,Mass Market,West Coast,29,8,1687.26,I am writing regarding my Debt Consolidation Loan account. I encountered a severe apr miscalculated on installment schedule on 2024-07-14. I tried resolving this via Web Portal but the service was disappointing.,2024-07-15 14:50:00,2024-07-20 20:50:00,Closed with Monetary Relief,Fee Waived,0,5.0,Tier 1 General,6.08,1,0,MEDIUM
CXP-2024-00471,CUST-10116,2025-03-20 13:27:00,Digital Banking,Web Online Portal,Digital Dispute Tool Error,Document upload failing for chargeback,Mobile App,34,Mass Market,West Coast,29,8,1687.26,Filing a formal complaint about document upload failing for chargeback. Resolution has taken too long and I am considering closing my account.,2025-03-21 06:27:00,2025-03-21 20:27:00,Closed with Non-Monetary Relief,Full Refund,0,4.0,Digital Tech Support,1.29,0,0,LOW
CXP-2024-00397,CUST-10116,2025-12-23 16:40:00,Digital Banking,Mobile App iOS,Mobile App Access/Outage,Two-factor authentication SMS delayed,Web Portal,34,Mass Market,West Coast,29,8,1687.26,Filing a formal complaint about two-factor authentication sms delayed. Resolution has taken too long and I am considering closing my account.,2025-12-24 05:40:00,2025-12-25 02:40:00,Closed with Monetary Relief,Statement Credit,0,3.0,Digital Tech Support,1.42,0,0,LOW
CXP-2024-00299,CUST-10117,2024-08-18 13:33:00,Credit Card,Platinum Rewards Card,Billing & Fee Dispute,Late fee charged despite on-time payment,Web Portal,67,Mass Market,Southeast,3,23,2294.43,Urgent issue: Late fee charged despite on-time payment regarding Credit Card. I request an immediate refund and resolution. My account tenure is 3 months and I expect better service.,2024-08-18 17:33:00,2024-08-22 23:33:00,Closed with Non-Monetary Relief,Statement Credit,0,2.0,Billing Services,4.42,0,0,MEDIUM
CXP-2024-00254,CUST-10117,2024-09-12 14:45:00,Credit Card,Platinum Rewards Card,Fraud & Unauthorized Transaction,Card cloned at gas station,Mobile App,67,Mass Market,Southeast,3,23,2294.43,I am writing regarding my Platinum Rewards Card account. I encountered a severe card cloned at gas station on 2024-09-12. I tried resolving this via Mobile App but the service was disappointing.,2024-09-13 12:45:00,2024-09-13 22:45:00,Closed with Explanation,Policy Explanation,0,3.0,Fraud Ops,1.33,0,1,HIGH
CXP-2024-00499,CUST-10118,2024-01-11 20:43:00,Personal Loans,Unsecured Fixed Loan,Interest Rate Dispute,Prepayment penalty charged unfairly,Mobile App,25,Mass Market,Southeast,54,14,2453.5,Filing a formal complaint about prepayment penalty charged unfairly. Resolution has taken too long and I am considering closing my account.,2024-01-12 00:43:00,2024-01-16 22:43:00,Closed with Monetary Relief,Full Refund,0,3.0,Tier 1 General,5.08,1,0,MEDIUM
CXP-2024-00037,CUST-10118,2025-10-13 08:30:00,Savings Account,Money Market Account,Interest Rate Dispute,Interest payout missing for month,Mobile App,25,Mass Market,Southeast,54,14,2453.5,Urgent issue: Interest payout missing for month regarding Savings Account. I request an immediate refund and resolution. My account tenure is 54 months and I expect better service.,2025-10-13 17:30:00,2025-10-14 18:30:00,Closed with Explanation,Policy Explanation,0,3.0,Tier 1 General,1.42,0,0,LOW
CXP-2024-00027,CUST-10120,2025-03-05 10:59:00,Credit Card,Cash Back Preferred,Interest Rate Dispute,Interest charged during promotional 0% period,Web Portal,36,High Net Worth,Northeast,33,65,7917.35,Disputed charge and interest charged during promotional 0% period on Cash Back Preferred. The app crashed and agent on phone was unable to waive fees.,2025-03-05 20:59:00,2025-03-09 22:59:00,Closed with Non-Monetary Relief,Fee Waived,0,5.0,Tier 1 General,4.5,0,0,MEDIUM
CXP-2024-00312,CUST-10120,2025-05-22 11:15:00,Personal Loans,Emergency Express Loan,Interest Rate Dispute,Variable rate increase dispute,Web Portal,36,High Net Worth,Northeast,33,65,7917.35,Filing a formal complaint about variable rate increase dispute. Resolution has taken too long and I am considering closing my account.,2025-05-22 14:15:00,2025-05-25 12:15:00,Closed with Explanation,Dispute Denied,0,4.0,Tier 1 General,3.04,0,1,HIGH
CXP-2024-00082,CUST-10120,2025-07-26 17:06:00,Credit Card,Basic Credit Card,Fraud & Unauthorized Transaction,Phishing transaction alert,Mobile App,36,High Net Worth,Northeast,33,65,7917.35,Filing a formal complaint about phishing transaction alert. Resolution has taken too long and I am considering closing my account.,2025-07-27 06:06:00,2025-07-30 22:06:00,Closed with Explanation,Dispute Denied,0,3.0,Fraud Ops,4.21,0,1,HIGH
CXP-2024-00296,CUST-10121,2025-09-10 11:53:00,Personal Loans,Emergency Express Loan,Billing & Fee Dispute,Direct debit pulled twice,Phone / Contact Center,61,High Net Worth,Northeast,2,71,13047.72,Urgent issue: Direct debit pulled twice regarding Personal Loans. I request an immediate refund and resolution. My account tenure is 2 months and I expect better service.,2025-09-11 03:53:00,2025-09-13 13:53:00,Closed with Monetary Relief,Statement Credit,1,2.0,Tier 2 Escalations,3.08,0,0,HIGH
CXP-2024-00460,CUST-10123,2025-04-12 11:55:00,Personal Loans,Debt Consolidation Loan,Billing & Fee Dispute,Payment processing delay causing late status,Web Portal,44,Mass Market,Midwest,4,8,1343.43,Extremely frustrated with the payment processing delay causing late status on my Debt Consolidation Loan. This has happened multiple times and customer support failed to resolve it promptly.,2025-04-13 01:55:00,2025-04-14 18:55:00,Closed with Explanation,Dispute Denied,0,4.0,Billing Services,2.29,0,0,LOW
CXP-2024-00032,CUST-10123,2025-05-16 12:53:00,Personal Loans,Unsecured Fixed Loan,Loan Payoff & Closing,Title release delayed post payment,Phone / Contact Center,44,Mass Market,Midwest,4,8,1343.43,Urgent issue: Title release delayed post payment regarding Personal Loans. I request an immediate refund and resolution. My account tenure is 4 months and I expect better service.,2025-05-16 23:53:00,2025-05-19 14:53:00,Closed with Non-Monetary Relief,Statement Credit,1,3.0,Tier 2 Escalations,3.08,0,1,HIGH
CXP-2024-00053,CUST-10124,2025-01-31 08:10:00,Savings Account,High Yield Savings,Transfer & Withdrawal Limits,Wire transfer held for security review,Branch,42,Mass Market,Midwest,15,6,1392.91,I am writing regarding my High Yield Savings account. I encountered a severe wire transfer held for security review on 2025-01-31. I tried resolving this via Branch but the service was disappointing.,2025-02-01 00:10:00,2025-02-02 15:10:00,Closed with Explanation,Dispute Denied,0,4.0,Tier 1 General,2.29,0,0,LOW
CXP-2024-00090,CUST-10125,2024-12-04 10:51:00,Digital Banking,Web Online Portal,Mobile App Access/Outage,Session timeout during transfer,Mobile App,52,Mass Market,Midwest,152,10,2196.87,Disputed charge and session timeout during transfer on Web Online Portal. The app crashed and agent on phone was unable to waive fees.,2024-12-04 17:51:00,2024-12-06 19:51:00,Closed with Monetary Relief,Statement Credit,0,4.0,Digital Tech Support,2.38,0,0,LOW
CXP-2024-00033,CUST-10125,2025-08-31 12:32:00,Credit Card,Travel Elite Card,Billing & Fee Dispute,Late fee charged despite on-time payment,Web Portal,52,Mass Market,Midwest,152,10,2196.87,I am writing regarding my Travel Elite Card account. I encountered a severe late fee charged despite on-time payment on 2025-08-31. I tried resolving this via Web Portal but the service was disappointing.,2025-08-31 23:32:00,2025-09-01 14:32:00,Closed with Monetary Relief,Statement Credit,0,5.0,Billing Services,1.08,0,0,LOW
CXP-2024-00008,CUST-10127,2024-07-15 15:33:00,Credit Card,Basic Credit Card,Rewards Redemption Failure,Cashback balance calculation error,Phone / Contact Center,64,Mass Market,Northeast,61,10,2170.69,I am writing regarding my Basic Credit Card account. I encountered a severe cashback balance calculation error on 2024-07-15. I tried resolving this via Phone / Contact Center but the service was disappointing.,2024-07-16 13:33:00,2024-07-16 18:33:00,Closed with Explanation,Dispute Denied,0,5.0,Tier 1 General,1.12,0,0,LOW
CXP-2024-00485,CUST-10128,2025-10-22 19:53:00,Digital Banking,Mobile App Android,Mobile App Access/Outage,Session timeout during transfer,Written / Mail,38,Mass Market,Southeast,34,13,1264.08,Extremely frustrated with the session timeout during transfer on my Mobile App Android. This has happened multiple times and customer support failed to resolve it promptly.,2025-10-23 01:53:00,2025-10-24 05:53:00,Closed with Monetary Relief,Full Refund,0,5.0,Digital Tech Support,1.42,0,0,LOW
CXP-2024-00492,CUST-10129,2024-07-09 17:37:00,Personal Loans,Emergency Express Loan,Loan Payoff & Closing,Title release delayed post payment,Web Portal,44,High Net Worth,Northeast,9,81,14597.79,Extremely frustrated with the title release delayed post payment on my Emergency Express Loan. This has happened multiple times and customer support failed to resolve it promptly.,2024-07-10 04:37:00,2024-07-10 21:37:00,Closed with Monetary Relief,Full Refund,0,4.0,Tier 1 General,1.17,0,0,LOW
CXP-2024-00382,CUST-10130,2024-08-21 10:08:00,Credit Card,Platinum Rewards Card,Rewards Redemption Failure,Cashback balance calculation error,Web Portal,49,Mass Market,West Coast,31,16,2051.75,Urgent issue: Cashback balance calculation error regarding Credit Card. I request an immediate refund and resolution. My account tenure is 31 months and I expect better service.,2024-08-21 17:08:00,2024-08-24 11:08:00,Closed with Monetary Relief,Fee Waived,0,2.0,Tier 1 General,3.04,0,0,LOW
CXP-2024-00152,CUST-10130,2024-09-22 09:41:00,Credit Card,Cash Back Preferred,Fraud & Unauthorized Transaction,Phishing transaction alert,Mobile App,49,Mass Market,West Coast,31,16,2051.75,Disputed charge and phishing transaction alert on Cash Back Preferred. The app crashed and agent on phone was unable to waive fees.,2024-09-23 08:41:00,2024-09-23 15:41:00,Closed with Explanation,Policy Explanation,0,4.0,Fraud Ops,1.25,0,1,HIGH
CXP-2024-00182,CUST-10130,2025-04-25 08:56:00,Digital Banking,Web Online Portal,Digital Dispute Tool Error,Document upload failing for chargeback,Branch,49,Mass Market,West Coast,31,16,2051.75,Disputed charge and document upload failing for chargeback on Web Online Portal. The app crashed and agent on phone was unable to waive fees.,2025-04-26 06:56:00,2025-04-26 09:56:00,Closed with Non-Monetary Relief,Fee Waived,0,3.0,Digital Tech Support,1.04,0,0,LOW
CXP-2024-00166,CUST-10130,2025-09-07 12:06:00,Personal Loans,Unsecured Fixed Loan,Interest Rate Dispute,APR miscalculated on installment schedule,Mobile App,49,Mass Market,West Coast,31,16,2051.75,Urgent issue: APR miscalculated on installment schedule regarding Personal Loans. I request an immediate refund and resolution. My account tenure is 31 months and I expect better service.,2025-09-08 01:06:00,2025-09-08 14:06:00,Closed with Non-Monetary Relief,Statement Credit,0,5.0,Tier 1 General,1.08,0,0,LOW
CXP-2024-00026,CUST-10131,2024-11-20 12:36:00,Credit Card,Cash Back Preferred,Billing & Fee Dispute,Autopay processing error,Mobile App,36,Mass Market,Northeast,1,14,1796.94,Urgent issue: Autopay processing error regarding Credit Card. I request an immediate refund and resolution. My account tenure is 1 months and I expect better service.,2024-11-21 07:36:00,2024-11-27 21:36:00,Closed with Monetary Relief,Fee Waived,1,3.0,Tier 2 Escalations,7.38,1,0,CRITICAL
CXP-2024-00042,CUST-10132,2024-03-27 09:28:00,Credit Card,Travel Elite Card,Fraud & Unauthorized Transaction,Phishing transaction alert,Mobile App,32,Mass Market,Southeast,4,7,1586.63,I am writing regarding my Travel Elite Card account. I encountered a severe phishing transaction alert on 2024-03-27. I tried resolving this via Mobile App but the service was disappointing.,2024-03-27 23:28:00,2024-03-29 16:28:00,Closed with Monetary Relief,Fee Waived,0,4.0,Fraud Ops,2.29,0,0,HIGH
CXP-2024-00342,CUST-10132,2024-11-16 13:26:00,Credit Card,Travel Elite Card,Rewards Redemption Failure,Travel portal booking error,Mobile App,32,Mass Market,Southeast,4,7,1586.63,Filing a formal complaint about travel portal booking error. Resolution has taken too long and I am considering closing my account.,2024-11-16 15:26:00,2024-11-19 23:26:00,Closed with Explanation,Policy Explanation,0,3.0,Tier 1 General,3.42,0,0,LOW
CXP-2024-00231,CUST-10133,2024-04-01 16:30:00,Credit Card,Cash Back Preferred,Credit Line Decrease,Requested limit increase denied,Phone / Contact Center,56,Mass Market,Southeast,18,12,1516.13,Urgent issue: Requested limit increase denied regarding Credit Card. I request an immediate refund and resolution. My account tenure is 18 months and I expect better service.,2024-04-01 20:30:00,2024-04-05 21:30:00,Closed with Monetary Relief,Statement Credit,0,2.0,Tier 1 General,4.21,0,0,MEDIUM
CXP-2024-00203,CUST-10133,2025-11-03 14:43:00,Credit Card,Platinum Rewards Card,Rewards Redemption Failure,Points failed to credit after promotion,Mobile App,56,Mass Market,Southeast,18,12,1516.13,I am writing regarding my Platinum Rewards Card account. I encountered a severe points failed to credit after promotion on 2025-11-03. I tried resolving this via Mobile App but the service was disappointing.,2025-11-03 16:43:00,2025-11-06 21:43:00,Closed with Non-Monetary Relief,Statement Credit,0,4.0,Tier 1 General,3.29,0,0,LOW
CXP-2024-00078,CUST-10135,2024-02-05 10:41:00,Credit Card,Basic Credit Card,Interest Rate Dispute,Balance transfer fee dispute,Web Portal,53,Small Business,Southeast,72,50,8433.02,I am writing regarding my Basic Credit Card account. I encountered a severe balance transfer fee dispute on 2024-02-05. I tried resolving this via Web Portal but the service was disappointing.,2024-02-05 18:41:00,2024-02-18 13:41:00,Closed with Non-Monetary Relief,Statement Credit,1,1.0,Tier 2 Escalations,13.12,1,0,CRITICAL
CXP-2024-00313,CUST-10135,2025-07-07 11:30:00,Digital Banking,Web Online Portal,Security & Credentials,Unrecognized login security alert,Phone / Contact Center,53,Small Business,Southeast,72,50,8433.02,I am writing regarding my Web Online Portal account. I encountered a severe unrecognized login security alert on 2025-07-07. I tried resolving this via Phone / Contact Center but the service was disappointing.,2025-07-07 13:30:00,2025-07-08 14:30:00,Closed with Explanation,Dispute Denied,0,5.0,Digital Tech Support,1.12,0,0,LOW
CXP-2024-00242,CUST-10135,2025-08-16 11:42:00,Savings Account,Certificate of Deposit (CD),Transfer & Withdrawal Limits,Wire transfer held for security review,Written / Mail,53,Small Business,Southeast,72,50,8433.02,Urgent issue: Wire transfer held for security review regarding Savings Account. I request an immediate refund and resolution. My account tenure is 72 months and I expect better service.,2025-08-16 17:42:00,2025-08-17 14:42:00,Closed with Explanation,Policy Explanation,0,4.0,Tier 1 General,1.12,0,1,HIGH
CXP-2024-00034,CUST-10136,2025-12-26 15:36:00,Credit Card,Travel Elite Card,Fraud & Unauthorized Transaction,Phishing transaction alert,Mobile App,37,Premium Cardholder,Southwest,33,56,8525.74,Disputed charge and phishing transaction alert on Travel Elite Card. The app crashed and agent on phone was unable to waive fees.,2025-12-27 07:36:00,2026-01-06 01:36:00,Closed with Monetary Relief,Statement Credit,0,3.0,Fraud Ops,10.42,1,0,HIGH
CXP-2024-00377,CUST-10138,2024-03-05 10:37:00,Credit Card,Platinum Rewards Card,Interest Rate Dispute,Interest charged during promotional 0% period,Web Portal,43,High Net Worth,West Coast,12,63,10524.11,Disputed charge and interest charged during promotional 0% period on Platinum Rewards Card. The app crashed and agent on phone was unable to waive fees.,2024-03-05 20:37:00,2024-03-06 15:37:00,Closed with Non-Monetary Relief,Statement Credit,0,5.0,Tier 1 General,1.21,0,0,LOW
CXP-2024-00447,CUST-10140,2024-06-10 19:52:00,Credit Card,Travel Elite Card,Credit Line Decrease,Requested limit increase denied,Web Portal,18,Emerging Wealth,Northeast,10,10,2270.03,Filing a formal complaint about requested limit increase denied. Resolution has taken too long and I am considering closing my account.,2024-06-11 04:52:00,2024-06-15 06:52:00,Closed with Non-Monetary Relief,Statement Credit,0,4.0,Tier 1 General,4.46,0,0,MEDIUM
CXP-2024-00211,CUST-10140,2024-10-05 15:08:00,Credit Card,Travel Elite Card,Rewards Redemption Failure,Travel portal booking error,Mobile App,18,Emerging Wealth,Northeast,10,10,2270.03,Urgent issue: Travel portal booking error regarding Credit Card. I request an immediate refund and resolution. My account tenure is 10 months and I expect better service.,2024-10-06 04:08:00,2024-10-07 01:08:00,Closed with Non-Monetary Relief,Statement Credit,0,4.0,Tier 1 General,1.42,0,0,LOW
CXP-2024-00355,CUST-10141,2025-01-21 10:40:00,Credit Card,Travel Elite Card,Fraud & Unauthorized Transaction,Unrecognized charge at foreign merchant,Web Portal,51,Emerging Wealth,Northeast,44,17,2755.66,Urgent issue: Unrecognized charge at foreign merchant regarding Credit Card. I request an immediate refund and resolution. My account tenure is 44 months and I expect better service.,2025-01-22 05:40:00,2025-01-22 15:40:00,Closed with Explanation,Policy Explanation,0,4.0,Fraud Ops,1.21,0,0,HIGH
CXP-2024-00427,CUST-10143,2024-05-21 19:49:00,Credit Card,Basic Credit Card,Fraud & Unauthorized Transaction,Unrecognized charge at foreign merchant,Phone / Contact Center,47,High Net Worth,Southeast,343,82,13189.53,Disputed charge and unrecognized charge at foreign merchant on Basic Credit Card. The app crashed and agent on phone was unable to waive fees.,2024-05-22 02:49:00,2024-05-25 00:49:00,Closed with Explanation,Dispute Denied,0,2.0,Fraud Ops,3.21,0,0,HIGH
CXP-2024-00102,CUST-10144,2024-01-25 11:05:00,Credit Card,Platinum Rewards Card,Interest Rate Dispute,Balance transfer fee dispute,Mobile App,18,Emerging Wealth,Northeast,88,20,3347.61,Disputed charge and balance transfer fee dispute on Platinum Rewards Card. The app crashed and agent on phone was unable to waive fees.,2024-01-26 02:05:00,2024-01-26 19:05:00,Closed with Explanation,Policy Explanation,0,5.0,Tier 1 General,1.33,0,0,LOW
CXP-2024-00064,CUST-10144,2025-04-05 10:49:00,Credit Card,Cash Back Preferred,Rewards Redemption Failure,Points failed to credit after promotion,Phone / Contact Center,18,Emerging Wealth,Northeast,88,20,3347.61,I am writing regarding my Cash Back Preferred account. I encountered a severe points failed to credit after promotion on 2025-04-05. I tried resolving this via Phone / Contact Center but the service was disappointing.,2025-04-06 10:49:00,2025-04-08 20:49:00,Closed with Monetary Relief,Full Refund,1,2.0,Tier 2 Escalations,3.42,0,0,HIGH
CXP-2024-00297,CUST-10145,2025-06-03 18:19:00,Personal Loans,Unsecured Fixed Loan,Loan Payoff & Closing,Overpayment refund check not received,Mobile App,39,Mass Market,West Coast,27,10,1384.21,Filing a formal complaint about overpayment refund check not received. Resolution has taken too long and I am considering closing my account.,2025-06-04 09:19:00,2025-06-08 06:19:00,Closed with Non-Monetary Relief,Fee Waived,0,2.0,Tier 1 General,4.5,0,0,MEDIUM
CXP-2024-00002,CUST-10147,2024-05-15 16:35:00,Digital Banking,Mobile App Android,Digital Dispute Tool Error,Dispute submission button unresponsive,Branch,32,Premium Cardholder,Southwest,17,62,7251.16,Extremely frustrated with the dispute submission button unresponsive on my Mobile App Android. This has happened multiple times and customer support failed to resolve it promptly.,2024-05-16 11:35:00,2024-05-26 22:35:00,Closed with Monetary Relief,Statement Credit,1,2.0,Tier 2 Escalations,11.25,1,0,CRITICAL
CXP-2024-00327,CUST-10147,2024-12-02 09:26:00,Credit Card,Cash Back Preferred,Credit Line Decrease,Requested limit increase denied,Phone / Contact Center,32,Premium Cardholder,Southwest,17,62,7251.16,Extremely frustrated with the requested limit increase denied on my Cash Back Preferred. This has happened multiple times and customer support failed to resolve it promptly.,2024-12-03 00:26:00,2024-12-03 21:26:00,Closed with Monetary Relief,Fee Waived,0,4.0,Tier 1 General,1.5,0,0,LOW
CXP-2024-00124,CUST-10147,2025-09-13 20:39:00,Personal Loans,Debt Consolidation Loan,Loan Payoff & Closing,Payoff quote expired early,Phone / Contact Center,32,Premium Cardholder,Southwest,17,62,7251.16,Urgent issue: Payoff quote expired early regarding Personal Loans. I request an immediate refund and resolution. My account tenure is 17 months and I expect better service.,2025-09-14 07:39:00,2025-09-15 01:39:00,Closed with Explanation,Policy Explanation,0,4.0,Tier 1 General,1.21,0,0,LOW
CXP-2024-00486,CUST-10148,2024-10-19 16:45:00,Credit Card,Travel Elite Card,Interest Rate Dispute,APR increased without prior notification,Phone / Contact Center,69,Emerging Wealth,Northeast,3,17,3686.59,Extremely frustrated with the apr increased without prior notification on my Travel Elite Card. This has happened multiple times and customer support failed to resolve it promptly.,2024-10-20 13:45:00,2024-10-24 23:45:00,Closed with Monetary Relief,Full Refund,0,3.0,Tier 1 General,5.29,1,0,MEDIUM
CXP-2024-00146,CUST-10149,2024-06-10 16:52:00,Credit Card,Basic Credit Card,Rewards Redemption Failure,Points failed to credit after promotion,Web Portal,43,Premium Cardholder,Northeast,108,51,8864.66,Extremely frustrated with the points failed to credit after promotion on my Basic Credit Card. This has happened multiple times and customer support failed to resolve it promptly.,2024-06-11 05:52:00,2024-06-20 03:52:00,Closed with Non-Monetary Relief,Fee Waived,1,2.0,Tier 2 Escalations,9.46,1,0,CRITICAL
CXP-2024-00278,CUST-10149,2024-12-29 11:57:00,Credit Card,Platinum Rewards Card,Rewards Redemption Failure,Cashback balance calculation error,Mobile App,43,Premium Cardholder,Northeast,108,51,8864.66,Extremely frustrated with the cashback balance calculation error on my Platinum Rewards Card. This has happened multiple times and customer support failed to resolve it promptly.,2024-12-29 21:57:00,2024-12-30 13:57:00,Closed with Non-Monetary Relief,Statement Credit,0,4.0,Tier 1 General,1.08,0,0,LOW
CXP-2024-00420,CUST-10150,2024-01-09 17:34:00,Personal Loans,Unsecured Fixed Loan,Interest Rate Dispute,Prepayment penalty charged unfairly,Web Portal,45,Mass Market,Midwest,5,18,2341.29,Urgent issue: Prepayment penalty charged unfairly regarding Personal Loans. I request an immediate refund and resolution. My account tenure is 5 months and I expect better service.,2024-01-09 19:34:00,2024-01-11 22:34:00,Closed with Non-Monetary Relief,Statement Credit,0,4.0,Tier 1 General,2.21,0,0,LOW
CXP-2024-00117,CUST-10150,2024-09-29 08:06:00,Credit Card,Cash Back Preferred,Billing & Fee Dispute,Late fee charged despite on-time payment,Phone / Contact Center,45,Mass Market,Midwest,5,18,2341.29,Extremely frustrated with the late fee charged despite on-time payment on my Cash Back Preferred. This has happened multiple times and customer support failed to resolve it promptly.,2024-09-30 00:06:00,2024-10-08 15:06:00,Closed with Explanation,Policy Explanation,1,1.0,Tier 2 Escalations,9.29,1,0,CRITICAL
CXP-2024-00135,CUST-10150,2025-01-12 13:45:00,Digital Banking,Mobile App iOS,Security & Credentials,Device registration loop error,Phone / Contact Center,45,Mass Market,Midwest,5,18,2341.29,Urgent issue: Device registration loop error regarding Digital Banking. I request an immediate refund and resolution. My account tenure is 5 months and I expect better service.,2025-01-13 12:45:00,2025-01-17 14:45:00,Closed with Non-Monetary Relief,Full Refund,0,3.0,Digital Tech Support,5.04,1,0,MEDIUM
CXP-2024-00216,CUST-10150,2025-03-17 16:08:00,Digital Banking,Web Online Portal,Digital Dispute Tool Error,Document upload failing for chargeback,Web Portal,45,Mass Market,Midwest,5,18,2341.29,I am writing regarding my Web Online Portal account. I encountered a severe document upload failing for chargeback on 2025-03-17. I tried resolving this via Web Portal but the service was disappointing.,2025-03-17 21:08:00,2025-03-21 18:08:00,Closed with Monetary Relief,Fee Waived,0,4.0,Digital Tech Support,4.08,0,1,HIGH
CXP-2024-00074,CUST-10151,2024-05-03 14:04:00,Credit Card,Cash Back Preferred,Fraud & Unauthorized Transaction,Phishing transaction alert,Phone / Contact Center,39,Mass Market,Southwest,18,19,2263.23,I am writing regarding my Cash Back Preferred account. I encountered a severe phishing transaction alert on 2024-05-03. I tried resolving this via Phone / Contact Center but the service was disappointing.,2024-05-03 18:04:00,2024-05-10 22:04:00,Closed with Monetary Relief,Full Refund,0,5.0,Fraud Ops,7.33,1,0,HIGH
CXP-2024-00429,CUST-10153,2024-04-25 09:49:00,Digital Banking,Web Online Portal,Digital Dispute Tool Error,Dispute submission button unresponsive,Phone / Contact Center,35,Small Business,Northeast,43,52,9265.53,Urgent issue: Dispute submission button unresponsive regarding Digital Banking. I request an immediate refund and resolution. My account tenure is 43 months and I expect better service.,2024-04-26 01:49:00,2024-04-26 12:49:00,Closed with Explanation,Dispute Denied,0,4.0,Digital Tech Support,1.12,0,0,LOW
CXP-2024-00003,CUST-10153,2025-03-12 19:15:00,Savings Account,High Yield Savings,Interest Rate Dispute,Interest payout missing for month,Mobile App,35,Small Business,Northeast,43,52,9265.53,I am writing regarding my High Yield Savings account. I encountered a severe interest payout missing for month on 2025-03-12. I tried resolving this via Mobile App but the service was disappointing.,2025-03-13 09:15:00,2025-03-13 21:15:00,Closed with Non-Monetary Relief,Full Refund,0,4.0,Tier 1 General,1.08,0,0,LOW
CXP-2024-00058,CUST-10154,2025-07-18 11:08:00,Savings Account,Money Market Account,Interest Rate Dispute,Tiered balance APY threshold issue,Web Portal,51,Emerging Wealth,Northeast,21,34,5346.9,Filing a formal complaint about tiered balance apy threshold issue. Resolution has taken too long and I am considering closing my account.,2025-07-19 02:08:00,2025-07-20 20:08:00,Closed with Monetary Relief,Fee Waived,0,5.0,Tier 1 General,2.38,0,0,LOW
CXP-2024-00070,CUST-10156,2024-08-19 10:51:00,Personal Loans,Unsecured Fixed Loan,Interest Rate Dispute,Variable rate increase dispute,Mobile App,40,Premium Cardholder,Northeast,86,52,8543.2,Urgent issue: Variable rate increase dispute regarding Personal Loans. I request an immediate refund and resolution. My account tenure is 86 months and I expect better service.,2024-08-20 00:51:00,2024-08-21 15:51:00,Closed with Non-Monetary Relief,Full Refund,0,5.0,Tier 1 General,2.21,0,0,LOW
CXP-2024-00267,CUST-10156,2025-09-28 18:11:00,Credit Card,Platinum Rewards Card,Rewards Redemption Failure,Cashback balance calculation error,Phone / Contact Center,40,Premium Cardholder,Northeast,86,52,8543.2,Urgent issue: Cashback balance calculation error regarding Credit Card. I request an immediate refund and resolution. My account tenure is 86 months and I expect better service.,2025-09-29 18:11:00,2025-09-30 23:11:00,Closed with Non-Monetary Relief,Full Refund,0,5.0,Tier 1 General,2.21,0,0,LOW
CXP-2024-00138,CUST-10157,2024-09-09 08:24:00,Credit Card,Basic Credit Card,Rewards Redemption Failure,Cashback balance calculation error,Mobile App,64,Premium Cardholder,Northeast,21,52,7975.65,Urgent issue: Cashback balance calculation error regarding Credit Card. I request an immediate refund and resolution. My account tenure is 21 months and I expect better service.,2024-09-09 12:24:00,2024-09-10 12:24:00,Closed with Non-Monetary Relief,Fee Waived,0,3.0,Tier 1 General,1.17,0,0,LOW
CXP-2024-00188,CUST-10157,2025-01-31 12:53:00,Credit Card,Cash Back Preferred,Interest Rate Dispute,Balance transfer fee dispute,Phone / Contact Center,64,Premium Cardholder,Northeast,21,52,7975.65,Filing a formal complaint about balance transfer fee dispute. Resolution has taken too long and I am considering closing my account.,2025-02-01 04:53:00,2025-02-06 15:53:00,Closed with Explanation,Policy Explanation,1,3.0,Tier 2 Escalations,6.12,1,0,CRITICAL
CXP-2024-00422,CUST-10158,2025-06-12 18:45:00,Savings Account,Money Market Account,Transfer & Withdrawal Limits,CD early withdrawal penalty error,Branch,26,Emerging Wealth,Southwest,85,28,3671.8,Filing a formal complaint about cd early withdrawal penalty error. Resolution has taken too long and I am considering closing my account.,2025-06-13 06:45:00,2025-06-21 23:45:00,Closed with Non-Monetary Relief,Fee Waived,1,2.0,Tier 2 Escalations,9.21,1,0,CRITICAL
CXP-2024-00379,CUST-10158,2025-06-27 19:23:00,Personal Loans,Debt Consolidation Loan,Loan Payoff & Closing,Title release delayed post payment,Mobile App,26,Emerging Wealth,Southwest,85,28,3671.8,Extremely frustrated with the title release delayed post payment on my Debt Consolidation Loan. This has happened multiple times and customer support failed to resolve it promptly.,2025-06-28 07:23:00,2025-07-04 07:23:00,Closed with Explanation,Dispute Denied,0,4.0,Tier 1 General,6.5,1,1,HIGH
CXP-2024-00410,CUST-10159,2024-08-23 20:41:00,Credit Card,Cash Back Preferred,Rewards Redemption Failure,Cashback balance calculation error,Phone / Contact Center,18,Premium Cardholder,West Coast,5,54,6981.87,Filing a formal complaint about cashback balance calculation error. Resolution has taken too long and I am considering closing my account.,2024-08-24 16:41:00,2024-08-28 05:41:00,Closed with Monetary Relief,Fee Waived,0,3.0,Tier 1 General,4.38,0,0,MEDIUM
CXP-2024-00125,CUST-10161,2024-11-03 11:09:00,Credit Card,Cash Back Preferred,Fraud & Unauthorized Transaction,Unrecognized charge at foreign merchant,Mobile App,37,Mass Market,Southeast,71,4,764.47,I am writing regarding my Cash Back Preferred account. I encountered a severe unrecognized charge at foreign merchant on 2024-11-03. I tried resolving this via Mobile App but the service was disappointing.,2024-11-03 22:09:00,2024-11-05 19:09:00,Closed with Non-Monetary Relief,Full Refund,0,5.0,Fraud Ops,2.33,0,0,HIGH
CXP-2024-00004,CUST-10161,2025-05-22 08:20:00,Credit Card,Basic Credit Card,Billing & Fee Dispute,Annual fee charged unexpectedly,Mobile App,37,Mass Market,Southeast,71,4,764.47,I am writing regarding my Basic Credit Card account. I encountered a severe annual fee charged unexpectedly on 2025-05-22. I tried resolving this via Mobile App but the service was disappointing.,2025-05-22 14:20:00,2025-05-25 09:20:00,Closed with Non-Monetary Relief,Statement Credit,0,3.0,Billing Services,3.04,0,0,LOW
CXP-2024-00093,CUST-10161,2025-08-12 13:03:00,Digital Banking,Web Online Portal,Digital Dispute Tool Error,Document upload failing for chargeback,Mobile App,37,Mass Market,Southeast,71,4,764.47,I am writing regarding my Web Online Portal account. I encountered a severe document upload failing for chargeback on 2025-08-12. I tried resolving this via Mobile App but the service was disappointing.,2025-08-13 05:03:00,2025-08-16 21:03:00,Closed with Non-Monetary Relief,Fee Waived,0,1.0,Digital Tech Support,4.33,0,1,HIGH
CXP-2024-00328,CUST-10162,2024-10-29 19:03:00,Personal Loans,Unsecured Fixed Loan,Interest Rate Dispute,APR miscalculated on installment schedule,Phone / Contact Center,52,High Net Worth,Southeast,64,104,12995.64,No complaint narrative provided.,2024-10-30 12:03:00,2024-10-31 22:03:00,Closed with Non-Monetary Relief,Statement Credit,0,3.0,Tier 1 General,2.12,0,0,LOW
CXP-2024-00195,CUST-10163,2025-03-12 19:18:00,Savings Account,High Yield Savings,Interest Rate Dispute,Promotional APY rate dropped early,Mobile App,42,High Net Worth,Southwest,72,65,10175.45,Filing a formal complaint about promotional apy rate dropped early. Resolution has taken too long and I am considering closing my account.,2025-03-13 07:18:00,2025-03-14 21:18:00,Closed with Explanation,Policy Explanation,0,4.0,Tier 1 General,2.08,0,0,LOW
CXP-2024-00284,CUST-10163,2025-09-11 08:25:00,Credit Card,Travel Elite Card,Credit Line Decrease,Requested limit increase denied,Web Portal,42,High Net Worth,Southwest,72,65,10175.45,Urgent issue: Requested limit increase denied regarding Credit Card. I request an immediate refund and resolution. My account tenure is 72 months and I expect better service.,2025-09-12 02:25:00,2025-09-15 11:25:00,Closed with Explanation,Dispute Denied,0,1.0,Tier 1 General,4.12,0,0,MEDIUM
CXP-2024-00279,CUST-10164,2024-01-26 11:20:00,Credit Card,Platinum Rewards Card,Rewards Redemption Failure,Travel portal booking error,Branch,50,Mass Market,West Coast,23,10,1539.86,I am writing regarding my Platinum Rewards Card account. I encountered a severe travel portal booking error on 2024-01-26. I tried resolving this via Branch but the service was disappointing.,2024-01-27 10:20:00,2024-02-10 21:20:00,Closed with Explanation,Dispute Denied,1,1.0,Tier 2 Escalations,15.42,1,0,CRITICAL
CXP-2024-00248,CUST-10164,2024-07-06 20:08:00,Credit Card,Cash Back Preferred,Billing & Fee Dispute,Late fee charged despite on-time payment,Written / Mail,50,Mass Market,West Coast,23,10,1539.86,Filing a formal complaint about late fee charged despite on-time payment. Resolution has taken too long and I am considering closing my account.,2024-07-07 04:08:00,2024-07-16 04:08:00,Closed with Monetary Relief,Statement Credit,1,1.0,Tier 2 Escalations,9.33,1,0,CRITICAL
CXP-2024-00192,CUST-10164,2024-10-27 08:54:00,Credit Card,Travel Elite Card,Fraud & Unauthorized Transaction,Phishing transaction alert,Mobile App,50,Mass Market,West Coast,23,10,1539.86,Disputed charge and phishing transaction alert on Travel Elite Card. The app crashed and agent on phone was unable to waive fees.,2024-10-27 20:54:00,2024-10-28 20:54:00,Closed with Monetary Relief,Full Refund,0,4.0,Fraud Ops,1.5,0,0,HIGH
CXP-2024-00141,CUST-10164,2025-07-20 15:49:00,Credit Card,Basic Credit Card,Fraud & Unauthorized Transaction,Unrecognized charge at foreign merchant,Mobile App,50,Mass Market,West Coast,23,10,1539.86,Filing a formal complaint about unrecognized charge at foreign merchant. Resolution has taken too long and I am considering closing my account.,2025-07-21 12:49:00,2025-08-04 01:49:00,Closed with Explanation,Dispute Denied,0,3.0,Fraud Ops,14.42,1,0,HIGH
CXP-2024-00395,CUST-10165,2024-07-02 12:38:00,Digital Banking,Mobile App Android,Digital Dispute Tool Error,Document upload failing for chargeback,Phone / Contact Center,75,Mass Market,Southeast,15,4,791.66,Disputed charge and document upload failing for chargeback on Mobile App Android. The app crashed and agent on phone was unable to waive fees.,2024-07-03 01:38:00,2024-07-16 13:38:00,Closed with Explanation,Dispute Denied,0,3.0,Digital Tech Support,14.04,1,0,MEDIUM
CXP-2024-00202,CUST-10165,2024-09-22 13:36:00,Digital Banking,Mobile App Android,Digital Dispute Tool Error,Document upload failing for chargeback,Phone / Contact Center,75,Mass Market,Southeast,15,4,791.66,Disputed charge and document upload failing for chargeback on Mobile App Android. The app crashed and agent on phone was unable to waive fees.,2024-09-22 20:36:00,2024-10-01 15:36:00,Closed with Monetary Relief,Statement Credit,1,1.0,Tier 2 Escalations,9.08,1,1,CRITICAL
CXP-2024-00275,CUST-10165,2025-03-21 17:16:00,Credit Card,Platinum Rewards Card,Billing & Fee Dispute,Annual fee charged unexpectedly,Mobile App,75,Mass Market,Southeast,15,4,791.66,I am writing regarding my Platinum Rewards Card account. I encountered a severe annual fee charged unexpectedly on 2025-03-21. I tried resolving this via Mobile App but the service was disappointing.,2025-03-22 01:16:00,2025-03-24 02:16:00,Closed with Non-Monetary Relief,Statement Credit,0,3.0,Billing Services,2.38,0,0,LOW
CXP-2024-00243,CUST-10165,2025-05-15 10:39:00,Digital Banking,Mobile App Android,Digital Dispute Tool Error,Dispute submission button unresponsive,Web Portal,75,Mass Market,Southeast,15,4,791.66,Disputed charge and dispute submission button unresponsive on Mobile App Android. The app crashed and agent on phone was unable to waive fees.,2025-05-15 20:39:00,2025-05-18 19:39:00,Closed with Explanation,Policy Explanation,0,4.0,Digital Tech Support,3.38,0,1,HIGH
CXP-2024-00311,CUST-10166,2024-01-01 16:56:00,Digital Banking,Web Online Portal,Security & Credentials,Account locked after password reset,Mobile App,68,High Net Worth,West Coast,2,45,8252.41,Extremely frustrated with the account locked after password reset on my Web Online Portal. This has happened multiple times and customer support failed to resolve it promptly.,2024-01-02 12:56:00,2024-01-06 22:56:00,Closed with Explanation,Dispute Denied,0,1.0,Digital Tech Support,5.25,1,0,MEDIUM
CXP-2024-00220,CUST-10166,2025-07-06 19:00:00,Credit Card,Cash Back Preferred,Billing & Fee Dispute,Annual fee charged unexpectedly,Phone / Contact Center,68,High Net Worth,West Coast,2,45,8252.41,Urgent issue: Annual fee charged unexpectedly regarding Credit Card. I request an immediate refund and resolution. My account tenure is 2 months and I expect better service.,2025-07-07 04:00:00,2025-07-17 03:00:00,Closed with Non-Monetary Relief,Statement Credit,1,3.0,Tier 2 Escalations,10.33,1,0,CRITICAL
CXP-2024-00425,CUST-10167,2024-11-11 12:07:00,Credit Card,Travel Elite Card,Fraud & Unauthorized Transaction,Card cloned at gas station,Branch,37,Emerging Wealth,Midwest,134,19,3234.42,Urgent issue: Card cloned at gas station regarding Credit Card. I request an immediate refund and resolution. My account tenure is 134 months and I expect better service.,2024-11-11 19:07:00,2024-11-13 23:07:00,Closed with Non-Monetary Relief,Fee Waived,0,5.0,Fraud Ops,2.46,0,0,HIGH
CXP-2024-00155,CUST-10168,2025-05-20 14:24:00,Credit Card,Cash Back Preferred,Billing & Fee Dispute,Annual fee charged unexpectedly,Web Portal,43,Mass Market,West Coast,28,10,3049.93,Filing a formal complaint about annual fee charged unexpectedly. Resolution has taken too long and I am considering closing my account.,2025-05-21 11:24:00,2025-05-22 18:24:00,Closed with Non-Monetary Relief,Full Refund,0,3.0,Billing Services,2.17,0,0,LOW
CXP-2024-00321,CUST-10170,2024-03-10 10:34:00,Credit Card,Basic Credit Card,Interest Rate Dispute,APR increased without prior notification,Web Portal,42,Emerging Wealth,West Coast,59,22,3537.46,Disputed charge and apr increased without prior notification on Basic Credit Card. The app crashed and agent on phone was unable to waive fees.,2024-03-10 13:34:00,2024-03-16 14:34:00,Closed with Non-Monetary Relief,Fee Waived,1,5.0,Tier 2 Escalations,6.17,1,0,CRITICAL
CXP-2024-00404,CUST-10170,2025-08-17 14:48:00,Savings Account,Money Market Account,Account Maintenance,Joint owner addition delayed,Mobile App,42,Emerging Wealth,West Coast,59,22,3537.46,Urgent issue: Joint owner addition delayed regarding Savings Account. I request an immediate refund and resolution. My account tenure is 59 months and I expect better service.,2025-08-17 21:48:00,2025-08-23 02:48:00,Closed with Explanation,Dispute Denied,0,1.0,Tier 1 General,5.5,1,0,MEDIUM
CXP-2024-00071,CUST-10170,2025-09-09 09:55:00,Savings Account,High Yield Savings,Interest Rate Dispute,Tiered balance APY threshold issue,Mobile App,42,Emerging Wealth,West Coast,59,22,3537.46,Disputed charge and tiered balance apy threshold issue on High Yield Savings. The app crashed and agent on phone was unable to waive fees.,2025-09-09 12:55:00,2025-09-10 20:55:00,Closed with Monetary Relief,Fee Waived,0,5.0,Tier 1 General,1.46,0,1,HIGH
CXP-2024-00185,CUST-10171,2025-01-04 09:25:00,Savings Account,Certificate of Deposit (CD),Interest Rate Dispute,Interest payout missing for month,Written / Mail,56,Small Business,Northeast,16,56,9585.45,Disputed charge and interest payout missing for month on Certificate of Deposit (CD). The app crashed and agent on phone was unable to waive fees.,2025-01-04 11:25:00,2025-01-05 14:25:00,Closed with Monetary Relief,Fee Waived,0,3.0,Tier 1 General,1.21,0,0,LOW
CXP-2024-00204,CUST-10172,2024-02-29 10:38:00,Credit Card,Platinum Rewards Card,Fraud & Unauthorized Transaction,Card cloned at gas station,Web Portal,47,Premium Cardholder,Northeast,8,28,4064.21,Urgent issue: Card cloned at gas station regarding Credit Card. I request an immediate refund and resolution. My account tenure is 8 months and I expect better service.,2024-02-29 20:38:00,2024-03-01 20:38:00,Closed with Explanation,Dispute Denied,0,3.0,Fraud Ops,1.42,0,0,HIGH
CXP-2024-00318,CUST-10173,2024-11-10 19:18:00,Personal Loans,Debt Consolidation Loan,Interest Rate Dispute,APR miscalculated on installment schedule,Phone / Contact Center,51,Emerging Wealth,Southeast,17,18,3089.49,Filing a formal complaint about apr miscalculated on installment schedule. Resolution has taken too long and I am considering closing my account.,2024-11-11 00:18:00,2024-11-23 23:18:00,Closed with Explanation,Policy Explanation,0,1.0,Tier 1 General,13.17,1,0,MEDIUM
CXP-2024-00414,CUST-10173,2025-05-16 18:04:00,Digital Banking,Mobile App iOS,Digital Dispute Tool Error,Dispute submission button unresponsive,Written / Mail,51,Emerging Wealth,Southeast,17,18,3089.49,Disputed charge and dispute submission button unresponsive on Mobile App iOS. The app crashed and agent on phone was unable to waive fees.,2025-05-17 13:04:00,2025-05-18 23:04:00,Closed with Non-Monetary Relief,Full Refund,0,5.0,Digital Tech Support,2.21,0,0,LOW
CXP-2024-00349,CUST-10173,2025-07-31 18:28:00,Savings Account,High Yield Savings,Transfer & Withdrawal Limits,ACH transfer failed without notification,Web Portal,51,Emerging Wealth,Southeast,17,18,3089.49,Urgent issue: ACH transfer failed without notification regarding Savings Account. I request an immediate refund and resolution. My account tenure is 17 months and I expect better service.,2025-08-01 17:28:00,2025-08-02 20:28:00,Closed with Non-Monetary Relief,Full Refund,0,4.0,Tier 1 General,2.08,0,1,HIGH
CXP-2024-00129,CUST-10174,2024-01-19 19:16:00,Credit Card,Travel Elite Card,Credit Line Decrease,Credit score drop notification error,Phone / Contact Center,28,Mass Market,Northeast,4,12,1622.46,I am writing regarding my Travel Elite Card account. I encountered a severe credit score drop notification error on 2024-01-19. I tried resolving this via Phone / Contact Center but the service was disappointing.,2024-01-20 17:16:00,2024-01-26 07:16:00,Closed with Non-Monetary Relief,Statement Credit,1,2.0,Tier 2 Escalations,6.5,1,0,CRITICAL
CXP-2024-00337,CUST-10175,2025-04-16 09:39:00,Credit Card,Cash Back Preferred,Rewards Redemption Failure,Travel portal booking error,Mobile App,48,Mass Market,Southwest,76,3,672.31,I am writing regarding my Cash Back Preferred account. I encountered a severe travel portal booking error on 2025-04-16. I tried resolving this via Mobile App but the service was disappointing.,2025-04-17 08:39:00,2025-04-18 16:39:00,Closed with Non-Monetary Relief,Fee Waived,0,3.0,Tier 1 General,2.29,0,0,LOW
CXP-2024-00423,CUST-10176,2024-06-23 13:31:00,Savings Account,Certificate of Deposit (CD),Transfer & Withdrawal Limits,Wire transfer held for security review,Web Portal,40,High Net Worth,Southwest,56,54,7316.62,Extremely frustrated with the wire transfer held for security review on my Certificate of Deposit (CD). This has happened multiple times and customer support failed to resolve it promptly.,2024-06-23 20:31:00,2024-06-29 21:31:00,Closed with Monetary Relief,Fee Waived,0,2.0,Tier 1 General,6.33,1,0,MEDIUM
CXP-2024-00280,CUST-10177,2024-06-10 13:48:00,Digital Banking,Web Online Portal,Digital Dispute Tool Error,Document upload failing for chargeback,Written / Mail,29,Mass Market,West Coast,40,9,944.87,Filing a formal complaint about document upload failing for chargeback. Resolution has taken too long and I am considering closing my account.,2024-06-10 21:48:00,2024-06-15 15:48:00,Closed with Non-Monetary Relief,Statement Credit,0,1.0,Digital Tech Support,5.08,1,0,MEDIUM
CXP-2024-00412,CUST-10177,2025-04-09 17:04:00,Credit Card,Travel Elite Card,Billing & Fee Dispute,Autopay processing error,Mobile App,29,Mass Market,West Coast,40,9,944.87,Urgent issue: Autopay processing error regarding Credit Card. I request an immediate refund and resolution. My account tenure is 40 months and I expect better service.,2025-04-09 23:04:00,2025-04-11 22:04:00,Closed with Explanation,Policy Explanation,0,5.0,Billing Services,2.21,0,0,LOW
CXP-2024-00465,CUST-10177,2025-11-10 11:09:00,Credit Card,Platinum Rewards Card,Rewards Redemption Failure,Travel portal booking error,Web Portal,29,Mass Market,West Coast,40,9,944.87,Urgent issue: Travel portal booking error regarding Credit Card. I request an immediate refund and resolution. My account tenure is 40 months and I expect better service.,2025-11-11 05:09:00,2025-11-20 12:09:00,Closed with Non-Monetary Relief,Fee Waived,1,2.0,Tier 2 Escalations,10.04,1,0,CRITICAL
CXP-2024-00150,CUST-10178,2025-01-12 12:12:00,Digital Banking,Web Online Portal,Digital Dispute Tool Error,Document upload failing for chargeback,Phone / Contact Center,53,Emerging Wealth,Southeast,100,30,4938.62,Disputed charge and document upload failing for chargeback on Web Online Portal. The app crashed and agent on phone was unable to waive fees.,2025-01-13 11:12:00,2025-01-16 17:12:00,Closed with Monetary Relief,Statement Credit,0,1.0,Digital Tech Support,4.21,0,0,MEDIUM
CXP-2024-00218,CUST-10178,2025-03-31 11:22:00,Digital Banking,Mobile App iOS,Digital Dispute Tool Error,Dispute submission button unresponsive,Web Portal,53,Emerging Wealth,Southeast,100,30,4938.62,Disputed charge and dispute submission button unresponsive on Mobile App iOS. The app crashed and agent on phone was unable to waive fees.,2025-04-01 03:22:00,2025-04-05 23:22:00,Closed with Non-Monetary Relief,Statement Credit,1,2.0,Tier 2 Escalations,5.5,1,1,CRITICAL
CXP-2024-00262,CUST-10178,2025-12-08 10:55:00,Savings Account,Certificate of Deposit (CD),Account Maintenance,Monthly maintenance fee assessed despite minimum balance,Mobile App,53,Emerging Wealth,Southeast,100,30,4938.62,I am writing regarding my Certificate of Deposit (CD) account. I encountered a severe monthly maintenance fee assessed despite minimum balance on 2025-12-08. I tried resolving this via Mobile App but the service was disappointing.,2025-12-09 07:55:00,2025-12-13 17:55:00,Closed with Non-Monetary Relief,Fee Waived,0,1.0,Tier 1 General,5.29,1,0,MEDIUM
CXP-2024-00333,CUST-10179,2025-03-04 13:50:00,Credit Card,Basic Credit Card,Billing & Fee Dispute,Autopay processing error,Web Portal,72,Emerging Wealth,Northeast,31,21,4174.29,I am writing regarding my Basic Credit Card account. I encountered a severe autopay processing error on 2025-03-04. I tried resolving this via Web Portal but the service was disappointing.,2025-03-04 16:50:00,2025-03-13 00:50:00,Closed with Explanation,Dispute Denied,1,3.0,Tier 2 Escalations,8.46,1,0,CRITICAL
CXP-2024-00057,CUST-10179,2025-07-29 13:50:00,Personal Loans,Unsecured Fixed Loan,Interest Rate Dispute,APR miscalculated on installment schedule,Mobile App,72,Emerging Wealth,Northeast,31,21,4174.29,Filing a formal complaint about apr miscalculated on installment schedule. Resolution has taken too long and I am considering closing my account.,2025-07-29 22:50:00,2025-08-04 18:50:00,Closed with Monetary Relief,Fee Waived,1,2.0,Tier 2 Escalations,6.21,1,0,CRITICAL
CXP-2024-00073,CUST-10180,2024-05-07 08:42:00,Credit Card,Cash Back Preferred,Rewards Redemption Failure,Travel portal booking error,Web Portal,39,Emerging Wealth,Southwest,134,34,4200.09,Extremely frustrated with the travel portal booking error on my Cash Back Preferred. This has happened multiple times and customer support failed to resolve it promptly.,2024-05-08 01:42:00,2024-05-08 09:42:00,Closed with Explanation,Policy Explanation,0,5.0,Tier 1 General,1.04,0,0,LOW
CXP-2024-00121,CUST-10181,2024-06-19 17:10:00,Credit Card,Cash Back Preferred,Fraud & Unauthorized Transaction,Unrecognized charge at foreign merchant,Written / Mail,30,Mass Market,Southeast,63,10,1291.39,Urgent issue: Unrecognized charge at foreign merchant regarding Credit Card. I request an immediate refund and resolution. My account tenure is 63 months and I expect better service.,2024-06-20 09:10:00,2024-06-21 02:10:00,Closed with Non-Monetary Relief,Fee Waived,0,4.0,Fraud Ops,1.38,0,0,HIGH
CXP-2024-00147,CUST-10181,2024-06-22 11:23:00,Savings Account,High Yield Savings,Account Maintenance,Joint owner addition delayed,Web Portal,30,Mass Market,Southeast,63,10,1291.39,I am writing regarding my High Yield Savings account. I encountered a severe joint owner addition delayed on 2024-06-22. I tried resolving this via Web Portal but the service was disappointing.,2024-06-22 13:23:00,2024-06-27 17:23:00,Closed with Non-Monetary Relief,Full Refund,0,2.0,Tier 1 General,5.25,1,1,HIGH
CXP-2024-00180,CUST-10181,2025-05-14 20:15:00,Personal Loans,Unsecured Fixed Loan,Interest Rate Dispute,Variable rate increase dispute,Mobile App,30,Mass Market,Southeast,63,10,1291.39,Filing a formal complaint about variable rate increase dispute. Resolution has taken too long and I am considering closing my account.,2025-05-15 08:15:00,2025-05-19 23:15:00,Closed with Explanation,Dispute Denied,0,5.0,Tier 1 General,5.12,1,0,MEDIUM
CXP-2024-00419,CUST-10182,2024-01-24 19:24:00,Digital Banking,Mobile App iOS,Digital Dispute Tool Error,Status tracker not updating,Phone / Contact Center,45,Mass Market,Midwest,16,8,1152.66,I am writing regarding my Mobile App iOS account. I encountered a severe status tracker not updating on 2024-01-24. I tried resolving this via Phone / Contact Center but the service was disappointing.,2024-01-25 12:24:00,2024-02-08 03:24:00,Closed with Non-Monetary Relief,Statement Credit,1,1.0,Tier 2 Escalations,14.33,1,0,CRITICAL
CXP-2024-00367,CUST-10182,2025-12-15 14:00:00,Credit Card,Cash Back Preferred,Fraud & Unauthorized Transaction,Card cloned at gas station,Mobile App,45,Mass Market,Midwest,16,8,1152.66,Disputed charge and card cloned at gas station on Cash Back Preferred. The app crashed and agent on phone was unable to waive fees.,2025-12-16 02:00:00,2025-12-16 22:00:00,Closed with Explanation,Policy Explanation,0,3.0,Fraud Ops,1.33,0,0,HIGH
CXP-2024-00240,CUST-10183,2025-05-16 11:11:00,Credit Card,Travel Elite Card,Credit Line Decrease,Requested limit increase denied,Web Portal,48,Emerging Wealth,Southwest,2,28,3797.76,Urgent issue: Requested limit increase denied regarding Credit Card. I request an immediate refund and resolution. My account tenure is 2 months and I expect better service.,2025-05-16 23:11:00,2025-05-22 18:11:00,Closed with Explanation,Policy Explanation,0,3.0,Tier 1 General,6.29,1,0,MEDIUM
CXP-2024-00172,CUST-10184,2024-08-24 09:59:00,Personal Loans,Debt Consolidation Loan,Interest Rate Dispute,APR miscalculated on installment schedule,Mobile App,65,Emerging Wealth,Southwest,89,28,2838.97,Urgent issue: APR miscalculated on installment schedule regarding Personal Loans. I request an immediate refund and resolution. My account tenure is 89 months and I expect better service.,2024-08-24 13:59:00,2024-08-29 14:59:00,Closed with Explanation,Policy Explanation,0,1.0,Tier 1 General,5.21,1,0,MEDIUM
CXP-2024-00409,CUST-10184,2025-11-26 17:41:00,Credit Card,Travel Elite Card,Fraud & Unauthorized Transaction,Card cloned at gas station,Mobile App,65,Emerging Wealth,Southwest,89,28,2838.97,Disputed charge and card cloned at gas station on Travel Elite Card. The app crashed and agent on phone was unable to waive fees.,2025-11-26 22:41:00,2025-11-28 02:41:00,Closed with Explanation,Dispute Denied,0,4.0,Fraud Ops,1.38,0,0,HIGH
CXP-2024-00137,CUST-10186,2024-07-17 10:15:00,Credit Card,Cash Back Preferred,Fraud & Unauthorized Transaction,Phishing transaction alert,Mobile App,50,Small Business,West Coast,55,68,11887.26,Urgent issue: Phishing transaction alert regarding Credit Card. I request an immediate refund and resolution. My account tenure is 55 months and I expect better service.,2024-07-18 05:15:00,2024-07-18 18:15:00,Closed with Non-Monetary Relief,Full Refund,0,4.0,Fraud Ops,1.33,0,0,HIGH
CXP-2024-00363,CUST-10186,2024-10-16 10:32:00,Credit Card,Travel Elite Card,Rewards Redemption Failure,Cashback balance calculation error,Mobile App,50,Small Business,West Coast,55,68,11887.26,Extremely frustrated with the cashback balance calculation error on my Travel Elite Card. This has happened multiple times and customer support failed to resolve it promptly.,2024-10-16 21:32:00,2024-10-25 13:32:00,Closed with Non-Monetary Relief,Statement Credit,0,3.0,Tier 1 General,9.12,1,0,MEDIUM
CXP-2024-00261,CUST-10186,2024-12-27 12:53:00,Digital Banking,Mobile App Android,Mobile App Access/Outage,Two-factor authentication SMS delayed,Phone / Contact Center,50,Small Business,West Coast,55,68,11887.26,Urgent issue: Two-factor authentication SMS delayed regarding Digital Banking. I request an immediate refund and resolution. My account tenure is 55 months and I expect better service.,2024-12-28 07:53:00,2025-01-01 18:53:00,Closed with Explanation,Policy Explanation,0,5.0,Digital Tech Support,5.25,1,1,HIGH
CXP-2024-00079,CUST-10186,2025-07-05 18:51:00,Savings Account,Money Market Account,Interest Rate Dispute,Tiered balance APY threshold issue,Mobile App,50,Small Business,West Coast,55,68,11887.26,Filing a formal complaint about tiered balance apy threshold issue. Resolution has taken too long and I am considering closing my account.,2025-07-06 12:51:00,2025-07-08 01:51:00,Closed with Explanation,Dispute Denied,0,5.0,Tier 1 General,2.29,0,0,LOW
CXP-2024-00301,CUST-10187,2024-06-10 17:11:00,Digital Banking,Web Online Portal,Digital Dispute Tool Error,Dispute submission button unresponsive,Mobile App,36,Mass Market,Northeast,33,15,2794.66,Urgent issue: Dispute submission button unresponsive regarding Digital Banking. I request an immediate refund and resolution. My account tenure is 33 months and I expect better service.,2024-06-11 04:11:00,2024-06-12 18:11:00,Closed with Explanation,Policy Explanation,0,5.0,Digital Tech Support,2.04,0,0,LOW
CXP-2024-00401,CUST-10187,2025-01-07 08:02:00,Credit Card,Travel Elite Card,Rewards Redemption Failure,Travel portal booking error,Mobile App,36,Mass Market,Northeast,33,15,2794.66,Disputed charge and travel portal booking error on Travel Elite Card. The app crashed and agent on phone was unable to waive fees.,2025-01-08 08:02:00,2025-01-11 13:02:00,Closed with Non-Monetary Relief,Full Refund,0,2.0,Tier 1 General,4.21,0,0,MEDIUM
CXP-2024-00221,CUST-10187,2025-05-22 20:24:00,Personal Loans,Debt Consolidation Loan,Interest Rate Dispute,Prepayment penalty charged unfairly,Phone / Contact Center,36,Mass Market,Northeast,33,15,2794.66,I am writing regarding my Debt Consolidation Loan account. I encountered a severe prepayment penalty charged unfairly on 2025-05-22. I tried resolving this via Phone / Contact Center but the service was disappointing.,2025-05-23 05:24:00,2025-06-03 05:24:00,Closed with Non-Monetary Relief,Full Refund,1,1.0,Tier 2 Escalations,11.38,1,0,CRITICAL
CXP-2024-00462,CUST-10188,2024-04-07 13:04:00,Personal Loans,Unsecured Fixed Loan,Billing & Fee Dispute,Direct debit pulled twice,Branch,38,Mass Market,Northeast,130,7,2176.7,Extremely frustrated with the direct debit pulled twice on my Unsecured Fixed Loan. This has happened multiple times and customer support failed to resolve it promptly.,2024-04-08 13:04:00,2024-04-12 20:04:00,Closed with Explanation,Dispute Denied,0,2.0,Billing Services,5.29,1,0,MEDIUM
CXP-2024-00237,CUST-10188,2024-06-18 10:48:00,Savings Account,Certificate of Deposit (CD),Transfer & Withdrawal Limits,CD early withdrawal penalty error,Mobile App,38,Mass Market,Northeast,130,7,2176.7,I am writing regarding my Certificate of Deposit (CD) account. I encountered a severe cd early withdrawal penalty error on 2024-06-18. I tried resolving this via Mobile App but the service was disappointing.,2024-06-18 19:48:00,2024-06-24 20:48:00,Closed with Monetary Relief,Fee Waived,1,3.0,Tier 2 Escalations,6.42,1,1,CRITICAL
CXP-2024-00394,CUST-10188,2025-09-24 19:07:00,Personal Loans,Debt Consolidation Loan,Billing & Fee Dispute,Origination fee incorrectly applied,Phone / Contact Center,38,Mass Market,Northeast,130,7,2176.7,Disputed charge and origination fee incorrectly applied on Debt Consolidation Loan. The app crashed and agent on phone was unable to waive fees.,2025-09-24 23:07:00,2025-09-26 02:07:00,Closed with Explanation,Dispute Denied,0,4.0,Billing Services,1.29,0,0,LOW
CXP-2024-00144,CUST-10189,2024-06-05 20:25:00,Credit Card,Cash Back Preferred,Credit Line Decrease,Credit score drop notification error,Mobile App,64,Emerging Wealth,West Coast,234,29,4770.02,Extremely frustrated with the credit score drop notification error on my Cash Back Preferred. This has happened multiple times and customer support failed to resolve it promptly.,2024-06-05 23:25:00,2024-06-13 07:25:00,Closed with Non-Monetary Relief,Full Refund,0,1.0,Tier 1 General,7.46,1,0,MEDIUM
CXP-2024-00011,CUST-10189,2025-01-26 17:05:00,Credit Card,Travel Elite Card,Billing & Fee Dispute,Late fee charged despite on-time payment,Web Portal,64,Emerging Wealth,West Coast,234,29,4770.02,Extremely frustrated with the late fee charged despite on-time payment on my Travel Elite Card. This has happened multiple times and customer support failed to resolve it promptly.,2025-01-27 11:05:00,2025-01-30 05:05:00,Closed with Monetary Relief,Statement Credit,0,2.0,Billing Services,3.5,0,0,LOW
CXP-2024-00490,CUST-10191,2024-01-27 11:03:00,Credit Card,Cash Back Preferred,Fraud & Unauthorized Transaction,Card cloned at gas station,Phone / Contact Center,33,High Net Worth,West Coast,17,97,13812.6,Filing a formal complaint about card cloned at gas station. Resolution has taken too long and I am considering closing my account.,2024-01-28 03:03:00,2024-02-01 16:03:00,Closed with Monetary Relief,Fee Waived,1,3.0,Tier 2 Escalations,5.21,1,0,CRITICAL
CXP-2024-00010,CUST-10192,2024-07-30 14:56:00,Credit Card,Platinum Rewards Card,Interest Rate Dispute,Interest charged during promotional 0% period,Web Portal,57,Mass Market,Southeast,14,13,1860.45,Filing a formal complaint about interest charged during promotional 0% period. Resolution has taken too long and I am considering closing my account.,2024-07-30 16:56:00,2024-08-05 18:56:00,Closed with Explanation,Dispute Denied,0,2.0,Tier 1 General,6.17,1,0,MEDIUM
CXP-2024-00159,CUST-10193,2025-05-08 18:02:00,Savings Account,High Yield Savings,Transfer & Withdrawal Limits,CD early withdrawal penalty error,Mobile App,59,Mass Market,Southeast,13,18,1955.5,Urgent issue: CD early withdrawal penalty error regarding Savings Account. I request an immediate refund and resolution. My account tenure is 13 months and I expect better service.,2025-05-09 18:02:00,2025-05-10 20:02:00,Closed with Non-Monetary Relief,Full Refund,0,4.0,Tier 1 General,2.08,0,0,LOW
CXP-2024-00473,CUST-10194,2024-02-24 13:18:00,Credit Card,Cash Back Preferred,Interest Rate Dispute,APR increased without prior notification,Web Portal,35,Mass Market,Southwest,6,15,2248.02,I am writing regarding my Cash Back Preferred account. I encountered a severe apr increased without prior notification on 2024-02-24. I tried resolving this via Web Portal but the service was disappointing.,2024-02-25 06:18:00,2024-03-09 17:18:00,Closed with Monetary Relief,Statement Credit,0,3.0,Tier 1 General,14.17,1,0,MEDIUM
CXP-2024-00435,CUST-10194,2024-02-29 19:45:00,Credit Card,Basic Credit Card,Credit Line Decrease,Requested limit increase denied,Phone / Contact Center,35,Mass Market,Southwest,6,15,2248.02,Filing a formal complaint about requested limit increase denied. Resolution has taken too long and I am considering closing my account.,2024-03-01 18:45:00,2024-03-02 03:45:00,Closed with Explanation,Dispute Denied,0,4.0,Tier 1 General,1.33,0,1,HIGH
CXP-2024-00259,CUST-10194,2024-04-08 13:52:00,Personal Loans,Unsecured Fixed Loan,Loan Payoff & Closing,Title release delayed post payment,Mobile App,35,Mass Market,Southwest,6,15,2248.02,Urgent issue: Title release delayed post payment regarding Personal Loans. I request an immediate refund and resolution. My account tenure is 6 months and I expect better service.,2024-04-08 17:52:00,2024-04-14 18:52:00,Closed with Monetary Relief,Full Refund,0,3.0,Tier 1 General,6.21,1,1,HIGH
CXP-2024-00293,CUST-10194,2024-07-01 10:16:00,Personal Loans,Unsecured Fixed Loan,Interest Rate Dispute,Prepayment penalty charged unfairly,Mobile App,35,Mass Market,Southwest,6,15,2248.02,Disputed charge and prepayment penalty charged unfairly on Unsecured Fixed Loan. The app crashed and agent on phone was unable to waive fees.,2024-07-02 04:16:00,2024-07-03 19:16:00,Closed with Non-Monetary Relief,Full Refund,0,4.0,Tier 1 General,2.38,0,1,HIGH
CXP-2024-00081,CUST-10194,2025-12-17 09:54:00,Credit Card,Platinum Rewards Card,Credit Line Decrease,Credit score drop notification error,Web Portal,35,Mass Market,Southwest,6,15,2248.02,Extremely frustrated with the credit score drop notification error on my Platinum Rewards Card. This has happened multiple times and customer support failed to resolve it promptly.,2025-12-18 06:54:00,2025-12-19 20:54:00,Closed with Monetary Relief,Fee Waived,0,5.0,Tier 1 General,2.46,0,0,LOW
CXP-2024-00120,CUST-10195,2024-06-04 13:47:00,Digital Banking,Mobile App Android,Mobile App Access/Outage,Session timeout during transfer,Mobile App,53,Mass Market,Southwest,97,10,1973.88,Disputed charge and session timeout during transfer on Mobile App Android. The app crashed and agent on phone was unable to waive fees.,2024-06-05 04:47:00,2024-06-11 01:47:00,Closed with Non-Monetary Relief,Statement Credit,0,5.0,Digital Tech Support,6.5,1,0,MEDIUM
CXP-2024-00466,CUST-10195,2024-07-20 11:23:00,Personal Loans,Debt Consolidation Loan,Loan Payoff & Closing,Overpayment refund check not received,Mobile App,53,Mass Market,Southwest,97,10,1973.88,Filing a formal complaint about overpayment refund check not received. Resolution has taken too long and I am considering closing my account.,2024-07-20 23:23:00,2024-07-21 13:23:00,Closed with Non-Monetary Relief,Statement Credit,0,3.0,Tier 1 General,1.08,0,1,HIGH
CXP-2024-00190,CUST-10196,2025-03-05 16:53:00,Credit Card,Platinum Rewards Card,Billing & Fee Dispute,Annual fee charged unexpectedly,Web Portal,41,Mass Market,Midwest,84,24,2374.23,Extremely frustrated with the annual fee charged unexpectedly on my Platinum Rewards Card. This has happened multiple times and customer support failed to resolve it promptly.,2025-03-06 09:53:00,2025-03-09 03:53:00,Closed with Non-Monetary Relief,Full Refund,0,3.0,Billing Services,3.46,0,0,LOW
CXP-2024-00133,CUST-10196,2025-12-06 20:25:00,Savings Account,Money Market Account,Account Maintenance,Joint owner addition delayed,Phone / Contact Center,41,Mass Market,Midwest,84,24,2374.23,I am writing regarding my Money Market Account account. I encountered a severe joint owner addition delayed on 2025-12-06. I tried resolving this via Phone / Contact Center but the service was disappointing.,2025-12-07 05:25:00,2025-12-11 04:25:00,Closed with Non-Monetary Relief,Statement Credit,0,5.0,Tier 1 General,4.33,0,0,MEDIUM
CXP-2024-00018,CUST-10197,2024-04-03 19:55:00,Digital Banking,Web Online Portal,Mobile App Access/Outage,Two-factor authentication SMS delayed,Branch,38,High Net Worth,Southwest,12,62,8516.7,Extremely frustrated with the two-factor authentication sms delayed on my Web Online Portal. This has happened multiple times and customer support failed to resolve it promptly.,2024-04-04 17:55:00,2024-04-04 20:55:00,Closed with Explanation,Dispute Denied,0,5.0,Digital Tech Support,1.04,0,0,LOW
CXP-2024-00437,CUST-10197,2024-08-20 15:11:00,Savings Account,Money Market Account,Interest Rate Dispute,Promotional APY rate dropped early,Web Portal,38,High Net Worth,Southwest,12,62,8516.7,Filing a formal complaint about promotional apy rate dropped early. Resolution has taken too long and I am considering closing my account.,2024-08-21 02:11:00,2024-08-23 20:11:00,Closed with Explanation,Policy Explanation,0,3.0,Tier 1 General,3.21,0,0,LOW
CXP-2024-00101,CUST-10199,2024-05-14 16:24:00,Savings Account,High Yield Savings,Interest Rate Dispute,Interest payout missing for month,Phone / Contact Center,45,Mass Market,Southeast,8,11,1993.65,I am writing regarding my High Yield Savings account. I encountered a severe interest payout missing for month on 2024-05-14. I tried resolving this via Phone / Contact Center but the service was disappointing.,2024-05-15 05:24:00,2024-05-15 19:24:00,Closed with Explanation,Policy Explanation,0,5.0,Tier 1 General,1.12,0,0,LOW
CXP-2024-00384,CUST-10199,2024-07-14 10:13:00,Savings Account,High Yield Savings,Account Maintenance,Monthly maintenance fee assessed despite minimum balance,Web Portal,45,Mass Market,Southeast,8,11,1993.65,Extremely frustrated with the monthly maintenance fee assessed despite minimum balance on my High Yield Savings. This has happened multiple times and customer support failed to resolve it promptly.,2024-07-15 00:13:00,2024-07-15 12:13:00,Closed with Monetary Relief,Full Refund,0,5.0,Tier 1 General,1.08,0,1,HIGH
CXP-2024-00253,CUST-10199,2024-10-18 08:20:00,Personal Loans,Debt Consolidation Loan,Interest Rate Dispute,Prepayment penalty charged unfairly,Phone / Contact Center,45,Mass Market,Southeast,8,11,1993.65,Urgent issue: Prepayment penalty charged unfairly regarding Personal Loans. I request an immediate refund and resolution. My account tenure is 8 months and I expect better service.,2024-10-18 14:20:00,2024-10-22 09:20:00,Closed with Non-Monetary Relief,Fee Waived,0,3.0,Tier 1 General,4.04,0,0,MEDIUM
CXP-2024-00396,CUST-10199,2025-09-17 16:02:00,Savings Account,Money Market Account,Account Maintenance,Paper statement fee dispute,Web Portal,45,Mass Market,Southeast,8,11,1993.65,I am writing regarding my Money Market Account account. I encountered a severe paper statement fee dispute on 2025-09-17. I tried resolving this via Web Portal but the service was disappointing.,2025-09-17 18:02:00,2025-09-21 02:02:00,Closed with Explanation,Policy Explanation,0,1.0,Tier 1 General,3.42,0,0,LOW
CXP-2024-00241,CUST-10200,2024-05-31 17:29:00,Credit Card,Travel Elite Card,Credit Line Decrease,Credit limit reduced without clear reason,Mobile App,39,Premium Cardholder,Southeast,46,20,3979.07,I am writing regarding my Travel Elite Card account. I encountered a severe credit limit reduced without clear reason on 2024-05-31. I tried resolving this via Mobile App but the service was disappointing.,2024-06-01 04:29:00,2024-06-02 18:29:00,Closed with Monetary Relief,Fee Waived,0,4.0,Tier 1 General,2.04,0,0,LOW
CXP-2024-00432,CUST-10200,2025-09-25 16:51:00,Personal Loans,Emergency Express Loan,Loan Payoff & Closing,Title release delayed post payment,Web Portal,39,Premium Cardholder,Southeast,46,20,3979.07,No complaint narrative provided.,2025-09-25 18:51:00,2025-10-03 22:51:00,Closed with Monetary Relief,Statement Credit,1,3.0,Tier 2 Escalations,8.25,1,0,CRITICAL
CXP-2024-00457,CUST-10201,2024-01-29 14:40:00,Credit Card,Travel Elite Card,Credit Line Decrease,Requested limit increase denied,Mobile App,34,Mass Market,Midwest,55,12,1376.32,Extremely frustrated with the requested limit increase denied on my Travel Elite Card. This has happened multiple times and customer support failed to resolve it promptly.,2024-01-30 11:40:00,2024-01-30 18:40:00,Closed with Monetary Relief,Statement Credit,0,4.0,Tier 1 General,1.17,0,0,LOW
CXP-2024-00416,CUST-10201,2024-03-28 17:12:00,Credit Card,Cash Back Preferred,Fraud & Unauthorized Transaction,Unrecognized charge at foreign merchant,Phone / Contact Center,34,Mass Market,Midwest,55,12,1376.32,Urgent issue: Unrecognized charge at foreign merchant regarding Credit Card. I request an immediate refund and resolution. My account tenure is 55 months and I expect better service.,2024-03-28 22:12:00,2024-04-05 21:12:00,Closed with Monetary Relief,Fee Waived,1,1.0,Tier 2 Escalations,8.17,1,1,CRITICAL
CXP-2024-00372,CUST-10201,2025-06-04 11:15:00,Credit Card,Basic Credit Card,Rewards Redemption Failure,Points failed to credit after promotion,Mobile App,34,Mass Market,Midwest,55,12,1376.32,Disputed charge and points failed to credit after promotion on Basic Credit Card. The app crashed and agent on phone was unable to waive fees.,2025-06-04 20:15:00,2025-06-06 18:15:00,Closed with Non-Monetary Relief,Full Refund,0,4.0,Tier 1 General,2.29,0,0,LOW
CXP-2024-00463,CUST-10202,2025-02-11 20:35:00,Credit Card,Cash Back Preferred,Credit Line Decrease,Credit score drop notification error,Phone / Contact Center,47,High Net Worth,Southwest,4,68,11265.26,Filing a formal complaint about credit score drop notification error. Resolution has taken too long and I am considering closing my account.,2025-02-12 01:35:00,2025-02-17 04:35:00,Closed with Non-Monetary Relief,Full Refund,0,2.0,Tier 1 General,5.33,1,0,MEDIUM
CXP-2024-00338,CUST-10203,2025-10-14 12:26:00,Savings Account,High Yield Savings,Account Maintenance,Joint owner addition delayed,Web Portal,32,Mass Market,Northeast,34,10,2312.33,No complaint narrative provided.,2025-10-14 19:26:00,2025-10-21 15:26:00,Closed with Explanation,Policy Explanation,0,4.0,Tier 1 General,7.12,1,0,MEDIUM
CXP-2024-00055,CUST-10204,2025-06-25 10:42:00,Digital Banking,Mobile App iOS,Digital Dispute Tool Error,Document upload failing for chargeback,Phone / Contact Center,44,Emerging Wealth,Northeast,49,20,3056.62,Extremely frustrated with the document upload failing for chargeback on my Mobile App iOS. This has happened multiple times and customer support failed to resolve it promptly.,2025-06-25 19:42:00,2025-06-30 17:42:00,Closed with Explanation,Policy Explanation,0,5.0,Digital Tech Support,5.29,1,0,MEDIUM
CXP-2024-00403,CUST-10204,2025-07-11 18:05:00,Credit Card,Cash Back Preferred,Fraud & Unauthorized Transaction,Phishing transaction alert,Web Portal,44,Emerging Wealth,Northeast,49,20,3056.62,Urgent issue: Phishing transaction alert regarding Credit Card. I request an immediate refund and resolution. My account tenure is 49 months and I expect better service.,2025-07-11 22:05:00,2025-07-14 04:05:00,Closed with Explanation,Policy Explanation,0,3.0,Fraud Ops,2.42,0,1,HIGH
CXP-2024-00016,CUST-10204,2025-09-10 16:44:00,Credit Card,Basic Credit Card,Billing & Fee Dispute,Late fee charged despite on-time payment,Phone / Contact Center,44,Emerging Wealth,Northeast,49,20,3056.62,Urgent issue: Late fee charged despite on-time payment regarding Credit Card. I request an immediate refund and resolution. My account tenure is 49 months and I expect better service.,2025-09-10 19:44:00,2025-09-15 01:44:00,Closed with Explanation,Policy Explanation,0,3.0,Billing Services,4.38,0,1,HIGH
CXP-2024-00310,CUST-10207,2024-12-18 10:35:00,Digital Banking,Mobile App iOS,Security & Credentials,Account locked after password reset,Web Portal,34,Emerging Wealth,Southwest,128,28,5284.6,Extremely frustrated with the account locked after password reset on my Mobile App iOS. This has happened multiple times and customer support failed to resolve it promptly.,2024-12-18 17:35:00,2024-12-19 11:35:00,Closed with Non-Monetary Relief,Statement Credit,0,4.0,Digital Tech Support,1.04,0,0,LOW
CXP-2024-00076,CUST-10208,2024-01-14 11:05:00,Digital Banking,Mobile App Android,Mobile App Access/Outage,Session timeout during transfer,Web Portal,50,Mass Market,Midwest,9,18,2119.59,Urgent issue: Session timeout during transfer regarding Digital Banking. I request an immediate refund and resolution. My account tenure is 9 months and I expect better service.,2024-01-14 19:05:00,2024-01-17 22:05:00,Closed with Monetary Relief,Full Refund,0,1.0,Digital Tech Support,3.46,0,0,LOW
CXP-2024-00270,CUST-10208,2024-06-29 09:12:00,Digital Banking,Web Online Portal,Digital Dispute Tool Error,Document upload failing for chargeback,Web Portal,50,Mass Market,Midwest,9,18,2119.59,Disputed charge and document upload failing for chargeback on Web Online Portal. The app crashed and agent on phone was unable to waive fees.,2024-06-29 17:12:00,2024-07-12 16:12:00,Closed with Monetary Relief,Statement Credit,1,1.0,Tier 2 Escalations,13.29,1,0,CRITICAL
CXP-2024-00494,CUST-10209,2024-09-16 08:00:00,Credit Card,Cash Back Preferred,Fraud & Unauthorized Transaction,Phishing transaction alert,Mobile App,43,Emerging Wealth,Midwest,98,28,4325.84,Disputed charge and phishing transaction alert on Cash Back Preferred. The app crashed and agent on phone was unable to waive fees.,2024-09-16 18:00:00,2024-09-17 15:00:00,Closed with Explanation,Dispute Denied,0,5.0,Fraud Ops,1.29,0,0,HIGH
CXP-2024-00012,CUST-10210,2024-12-20 08:40:00,Credit Card,Travel Elite Card,Interest Rate Dispute,Balance transfer fee dispute,Phone / Contact Center,40,Mass Market,Southwest,51,15,2245.42,Extremely frustrated with the balance transfer fee dispute on my Travel Elite Card. This has happened multiple times and customer support failed to resolve it promptly.,2024-12-20 15:40:00,2024-12-22 11:40:00,Closed with Monetary Relief,Statement Credit,0,3.0,Tier 1 General,2.12,0,0,LOW
CXP-2024-00007,CUST-10210,2025-09-20 14:57:00,Savings Account,Money Market Account,Account Maintenance,Joint owner addition delayed,Branch,40,Mass Market,Southwest,51,15,2245.42,Filing a formal complaint about joint owner addition delayed. Resolution has taken too long and I am considering closing my account.,2025-09-21 13:57:00,2025-09-22 00:57:00,Closed with Non-Monetary Relief,Fee Waived,0,5.0,Tier 1 General,1.42,0,0,LOW
CXP-2024-00028,CUST-10211,2024-05-26 17:55:00,Savings Account,Certificate of Deposit (CD),Transfer & Withdrawal Limits,ACH transfer failed without notification,Web Portal,30,Premium Cardholder,Southwest,21,41,6156.69,Extremely frustrated with the ach transfer failed without notification on my Certificate of Deposit (CD). This has happened multiple times and customer support failed to resolve it promptly.,2024-05-26 23:55:00,2024-05-29 03:55:00,Closed with Non-Monetary Relief,Fee Waived,0,5.0,Tier 1 General,2.42,0,0,LOW
CXP-2024-00381,CUST-10211,2024-07-29 15:56:00,Credit Card,Travel Elite Card,Interest Rate Dispute,APR increased without prior notification,Web Portal,30,Premium Cardholder,Southwest,21,41,6156.69,Extremely frustrated with the apr increased without prior notification on my Travel Elite Card. This has happened multiple times and customer support failed to resolve it promptly.,2024-07-30 01:56:00,2024-08-02 02:56:00,Closed with Explanation,Dispute Denied,0,1.0,Tier 1 General,3.46,0,1,HIGH
CXP-2024-00315,CUST-10212,2024-05-22 08:30:00,Credit Card,Travel Elite Card,Credit Line Decrease,Requested limit increase denied,Mobile App,34,Premium Cardholder,Southeast,63,38,5546.8,I am writing regarding my Travel Elite Card account. I encountered a severe requested limit increase denied on 2024-05-22. I tried resolving this via Mobile App but the service was disappointing.,2024-05-22 11:30:00,2024-05-27 13:30:00,Closed with Explanation,Policy Explanation,0,2.0,Tier 1 General,5.21,1,0,MEDIUM
CXP-2024-00244,CUST-10213,2024-03-13 16:53:00,Personal Loans,Emergency Express Loan,Loan Payoff & Closing,Title release delayed post payment,Mobile App,37,Mass Market,Southeast,112,25,2226.91,Urgent issue: Title release delayed post payment regarding Personal Loans. I request an immediate refund and resolution. My account tenure is 112 months and I expect better service.,2024-03-14 10:53:00,2024-03-16 20:53:00,Closed with Non-Monetary Relief,Fee Waived,0,4.0,Tier 1 General,3.17,0,0,LOW
CXP-2024-00350,CUST-10213,2024-04-28 08:43:00,Savings Account,Money Market Account,Account Maintenance,Paper statement fee dispute,Web Portal,37,Mass Market,Southeast,112,25,2226.91,Extremely frustrated with the paper statement fee dispute on my Money Market Account. This has happened multiple times and customer support failed to resolve it promptly.,2024-04-28 13:43:00,2024-04-30 09:43:00,Closed with Explanation,Policy Explanation,0,4.0,Tier 1 General,2.04,0,1,HIGH
CXP-2024-00428,CUST-10214,2024-02-16 18:35:00,Savings Account,Certificate of Deposit (CD),Account Maintenance,Monthly maintenance fee assessed despite minimum balance,Phone / Contact Center,43,Emerging Wealth,Midwest,30,18,3174.21,Disputed charge and monthly maintenance fee assessed despite minimum balance on Certificate of Deposit (CD). The app crashed and agent on phone was unable to waive fees.,2024-02-17 14:35:00,2024-02-20 04:35:00,Closed with Non-Monetary Relief,Full Refund,0,3.0,Tier 1 General,3.42,0,0,LOW
CXP-2024-00358,CUST-10214,2024-06-21 18:44:00,Personal Loans,Unsecured Fixed Loan,Loan Payoff & Closing,Title release delayed post payment,Branch,43,Emerging Wealth,Midwest,30,18,3174.21,Urgent issue: Title release delayed post payment regarding Personal Loans. I request an immediate refund and resolution. My account tenure is 30 months and I expect better service.,2024-06-22 08:44:00,2024-06-25 06:44:00,Closed with Non-Monetary Relief,Statement Credit,0,2.0,Tier 1 General,3.5,0,0,LOW
CXP-2024-00067,CUST-10215,2024-09-15 16:07:00,Credit Card,Travel Elite Card,Rewards Redemption Failure,Cashback balance calculation error,Web Portal,55,Emerging Wealth,Southeast,17,13,3731.87,Urgent issue: Cashback balance calculation error regarding Credit Card. I request an immediate refund and resolution. My account tenure is 17 months and I expect better service.,2024-09-16 01:07:00,2024-09-20 17:07:00,Closed with Non-Monetary Relief,Statement Credit,0,4.0,Tier 1 General,5.04,1,0,MEDIUM
CXP-2024-00179,CUST-10215,2025-12-30 14:08:00,Personal Loans,Emergency Express Loan,Billing & Fee Dispute,Payment processing delay causing late status,Phone / Contact Center,55,Emerging Wealth,Southeast,17,13,3731.87,I am writing regarding my Emergency Express Loan account. I encountered a severe payment processing delay causing late status on 2025-12-30. I tried resolving this via Phone / Contact Center but the service was disappointing.,2025-12-31 00:08:00,2025-12-31 17:08:00,Closed with Monetary Relief,Fee Waived,0,4.0,Billing Services,1.12,0,0,LOW
CXP-2024-00477,CUST-10216,2024-05-09 15:50:00,Digital Banking,Mobile App Android,Digital Dispute Tool Error,Dispute submission button unresponsive,Web Portal,64,Mass Market,Northeast,53,13,1582.11,Filing a formal complaint about dispute submission button unresponsive. Resolution has taken too long and I am considering closing my account.,2024-05-09 19:50:00,2024-05-11 03:50:00,Closed with Non-Monetary Relief,Fee Waived,0,4.0,Digital Tech Support,1.5,0,0,LOW
CXP-2024-00098,CUST-10216,2024-07-07 11:50:00,Credit Card,Platinum Rewards Card,Billing & Fee Dispute,Autopay processing error,Mobile App,64,Mass Market,Northeast,53,13,1582.11,Extremely frustrated with the autopay processing error on my Platinum Rewards Card. This has happened multiple times and customer support failed to resolve it promptly.,2024-07-07 13:50:00,2024-07-15 21:50:00,Closed with Non-Monetary Relief,Statement Credit,0,4.0,Billing Services,8.42,1,1,HIGH
CXP-2024-00005,CUST-10216,2024-09-23 12:58:00,Credit Card,Basic Credit Card,Credit Line Decrease,Requested limit increase denied,Phone / Contact Center,64,Mass Market,Northeast,53,13,1582.11,Urgent issue: Requested limit increase denied regarding Credit Card. I request an immediate refund and resolution. My account tenure is 53 months and I expect better service.,2024-09-23 15:58:00,2024-09-25 17:58:00,Closed with Explanation,Dispute Denied,0,4.0,Tier 1 General,2.21,0,1,HIGH
CXP-2024-00103,CUST-10216,2024-09-26 19:02:00,Savings Account,Certificate of Deposit (CD),Interest Rate Dispute,Promotional APY rate dropped early,Mobile App,64,Mass Market,Northeast,53,13,1582.11,Urgent issue: Promotional APY rate dropped early regarding Savings Account. I request an immediate refund and resolution. My account tenure is 53 months and I expect better service.,2024-09-27 09:02:00,2024-09-30 02:02:00,Closed with Explanation,Dispute Denied,0,3.0,Tier 1 General,3.29,0,1,HIGH
CXP-2024-00309,CUST-10216,2025-01-23 15:56:00,Credit Card,Platinum Rewards Card,Billing & Fee Dispute,Autopay processing error,Web Portal,64,Mass Market,Northeast,53,13,1582.11,Urgent issue: Autopay processing error regarding Credit Card. I request an immediate refund and resolution. My account tenure is 53 months and I expect better service.,2025-01-24 06:56:00,2025-01-28 19:56:00,Closed with Explanation,Dispute Denied,0,1.0,Billing Services,5.17,1,0,MEDIUM
CXP-2024-00373,CUST-10216,2025-10-14 20:36:00,Savings Account,High Yield Savings,Transfer & Withdrawal Limits,Wire transfer held for security review,Branch,64,Mass Market,Northeast,53,13,1582.11,Extremely frustrated with the wire transfer held for security review on my High Yield Savings. This has happened multiple times and customer support failed to resolve it promptly.,2025-10-15 05:36:00,2025-10-16 07:36:00,Closed with Non-Monetary Relief,Full Refund,0,5.0,Tier 1 General,1.46,0,0,LOW
CXP-2024-00480,CUST-10217,2024-04-15 15:40:00,Credit Card,Cash Back Preferred,Interest Rate Dispute,Balance transfer fee dispute,Web Portal,56,Small Business,Northeast,218,92,13183.86,I am writing regarding my Cash Back Preferred account. I encountered a severe balance transfer fee dispute on 2024-04-15. I tried resolving this via Web Portal but the service was disappointing.,2024-04-15 19:40:00,2024-04-19 16:40:00,Closed with Non-Monetary Relief,Full Refund,0,5.0,Tier 1 General,4.04,0,0,MEDIUM
CXP-2024-00415,CUST-10218,2025-12-28 18:04:00,Savings Account,High Yield Savings,Interest Rate Dispute,Promotional APY rate dropped early,Web Portal,37,Premium Cardholder,West Coast,58,77,8831.69,Urgent issue: Promotional APY rate dropped early regarding Savings Account. I request an immediate refund and resolution. My account tenure is 58 months and I expect better service.,2025-12-29 05:04:00,2026-01-02 06:04:00,Closed with Monetary Relief,Fee Waived,0,1.0,Tier 1 General,4.5,0,0,MEDIUM
CXP-2024-00264,CUST-10219,2025-01-30 12:30:00,Credit Card,Platinum Rewards Card,Rewards Redemption Failure,Points failed to credit after promotion,Phone / Contact Center,60,Emerging Wealth,Southwest,15,20,3965.47,I am writing regarding my Platinum Rewards Card account. I encountered a severe points failed to credit after promotion on 2025-01-30. I tried resolving this via Phone / Contact Center but the service was disappointing.,2025-01-31 00:30:00,2025-02-02 20:30:00,Closed with Non-Monetary Relief,Full Refund,0,2.0,Tier 1 General,3.33,0,0,LOW
CXP-2024-00235,CUST-10220,2024-07-17 10:42:00,Savings Account,High Yield Savings,Account Maintenance,Monthly maintenance fee assessed despite minimum balance,Written / Mail,30,Emerging Wealth,Midwest,33,20,3715.8,Filing a formal complaint about monthly maintenance fee assessed despite minimum balance. Resolution has taken too long and I am considering closing my account.,2024-07-17 22:42:00,2024-07-21 19:42:00,Closed with Non-Monetary Relief,Statement Credit,1,4.0,Tier 2 Escalations,4.38,0,0,HIGH
CXP-2024-00054,CUST-10221,2024-03-16 11:42:00,Credit Card,Basic Credit Card,Billing & Fee Dispute,Annual fee charged unexpectedly,Web Portal,18,Emerging Wealth,Midwest,5,27,4310.26,Extremely frustrated with the annual fee charged unexpectedly on my Basic Credit Card. This has happened multiple times and customer support failed to resolve it promptly.,2024-03-17 11:42:00,2024-03-27 13:42:00,Closed with Non-Monetary Relief,Fee Waived,1,2.0,Tier 2 Escalations,11.08,1,0,CRITICAL
CXP-2024-00386,CUST-10223,2024-02-15 08:44:00,Credit Card,Basic Credit Card,Billing & Fee Dispute,Autopay processing error,Phone / Contact Center,56,Premium Cardholder,Northeast,13,30,3348.8,Disputed charge and autopay processing error on Basic Credit Card. The app crashed and agent on phone was unable to waive fees.,2024-02-15 19:44:00,2024-02-27 13:44:00,Closed with Non-Monetary Relief,Fee Waived,1,2.0,Tier 2 Escalations,12.21,1,0,CRITICAL
CXP-2024-00388,CUST-10224,2025-04-01 11:38:00,Credit Card,Basic Credit Card,Rewards Redemption Failure,Points failed to credit after promotion,Phone / Contact Center,62,Mass Market,Northeast,8,11,1439.65,Urgent issue: Points failed to credit after promotion regarding Credit Card. I request an immediate refund and resolution. My account tenure is 8 months and I expect better service.,2025-04-02 10:38:00,2025-04-04 17:38:00,Closed with Non-Monetary Relief,Full Refund,0,1.0,Tier 1 General,3.25,0,0,LOW
CXP-2024-00110,CUST-10225,2024-10-30 09:58:00,Credit Card,Travel Elite Card,Interest Rate Dispute,Balance transfer fee dispute,Written / Mail,55,Mass Market,Southwest,5,9,1221.09,Filing a formal complaint about balance transfer fee dispute. Resolution has taken too long and I am considering closing my account.,2024-10-30 15:58:00,2024-10-31 13:58:00,Closed with Explanation,Dispute Denied,0,4.0,Tier 1 General,1.17,0,0,LOW
CXP-2024-00030,CUST-10225,2025-03-01 08:23:00,Digital Banking,Mobile App Android,Digital Dispute Tool Error,Status tracker not updating,Web Portal,55,Mass Market,Southwest,5,9,1221.09,Disputed charge and status tracker not updating on Mobile App Android. The app crashed and agent on phone was unable to waive fees.,2025-03-01 16:23:00,2025-03-04 16:23:00,Closed with Non-Monetary Relief,Full Refund,0,2.0,Digital Tech Support,3.33,0,0,LOW
CXP-2024-00385,CUST-10226,2024-07-13 18:57:00,Personal Loans,Debt Consolidation Loan,Loan Payoff & Closing,Payoff quote expired early,Mobile App,58,Mass Market,Southeast,72,19,2810.99,Disputed charge and payoff quote expired early on Debt Consolidation Loan. The app crashed and agent on phone was unable to waive fees.,2024-07-14 09:57:00,2024-07-23 23:57:00,Closed with Non-Monetary Relief,Full Refund,1,1.0,Tier 2 Escalations,10.21,1,0,CRITICAL
CXP-2024-00130,CUST-10227,2024-05-04 13:23:00,Personal Loans,Debt Consolidation Loan,Billing & Fee Dispute,Direct debit pulled twice,Branch,38,Mass Market,West Coast,38,8,1642.13,Extremely frustrated with the direct debit pulled twice on my Debt Consolidation Loan. This has happened multiple times and customer support failed to resolve it promptly.,2024-05-04 20:23:00,2024-05-13 00:23:00,Closed with Monetary Relief,Full Refund,1,2.0,Tier 2 Escalations,8.46,1,0,CRITICAL
CXP-2024-00048,CUST-10227,2024-09-25 15:14:00,Credit Card,Basic Credit Card,Fraud & Unauthorized Transaction,Phishing transaction alert,Web Portal,38,Mass Market,West Coast,38,8,1642.13,Disputed charge and phishing transaction alert on Basic Credit Card. The app crashed and agent on phone was unable to waive fees.,2024-09-25 23:14:00,2024-09-27 22:14:00,Closed with Explanation,Dispute Denied,0,4.0,Fraud Ops,2.29,0,0,HIGH
CXP-2024-00359,CUST-10229,2025-03-30 19:01:00,Savings Account,High Yield Savings,Interest Rate Dispute,Tiered balance APY threshold issue,Web Portal,52,Premium Cardholder,Northeast,48,40,6385.74,Urgent issue: Tiered balance APY threshold issue regarding Savings Account. I request an immediate refund and resolution. My account tenure is 48 months and I expect better service.,2025-03-30 23:01:00,2025-04-02 22:01:00,Closed with Non-Monetary Relief,Statement Credit,0,5.0,Tier 1 General,3.12,0,0,LOW
CXP-2024-00085,CUST-10230,2024-04-01 15:51:00,Personal Loans,Debt Consolidation Loan,Billing & Fee Dispute,Payment processing delay causing late status,Written / Mail,69,Mass Market,Southeast,1,16,2703.0,Extremely frustrated with the payment processing delay causing late status on my Debt Consolidation Loan. This has happened multiple times and customer support failed to resolve it promptly.,2024-04-02 14:51:00,2024-04-05 01:51:00,Closed with Non-Monetary Relief,Fee Waived,0,4.0,Billing Services,3.42,0,0,LOW
CXP-2024-00209,CUST-10230,2025-03-09 16:12:00,Personal Loans,Unsecured Fixed Loan,Loan Payoff & Closing,Title release delayed post payment,Phone / Contact Center,69,Mass Market,Southeast,1,16,2703.0,Disputed charge and title release delayed post payment on Unsecured Fixed Loan. The app crashed and agent on phone was unable to waive fees.,2025-03-09 23:12:00,2025-03-13 21:12:00,Closed with Monetary Relief,Fee Waived,0,4.0,Tier 1 General,4.21,0,0,MEDIUM
CXP-2024-00371,CUST-10231,2025-05-16 18:13:00,Savings Account,High Yield Savings,Account Maintenance,Monthly maintenance fee assessed despite minimum balance,Phone / Contact Center,46,Emerging Wealth,Southwest,13,18,3652.95,I am writing regarding my High Yield Savings account. I encountered a severe monthly maintenance fee assessed despite minimum balance on 2025-05-16. I tried resolving this via Phone / Contact Center but the service was disappointing.,2025-05-17 06:13:00,2025-05-18 00:13:00,Closed with Explanation,Policy Explanation,0,4.0,Tier 1 General,1.25,0,0,LOW
CXP-2024-00438,CUST-10231,2025-05-28 13:58:00,Credit Card,Travel Elite Card,Interest Rate Dispute,Balance transfer fee dispute,Web Portal,46,Emerging Wealth,Southwest,13,18,3652.95,I am writing regarding my Travel Elite Card account. I encountered a severe balance transfer fee dispute on 2025-05-28. I tried resolving this via Web Portal but the service was disappointing.,2025-05-29 06:58:00,2025-05-30 22:58:00,Closed with Monetary Relief,Fee Waived,0,5.0,Tier 1 General,2.38,0,1,HIGH
CXP-2024-00201,CUST-10232,2025-08-20 12:27:00,Credit Card,Platinum Rewards Card,Billing & Fee Dispute,Late fee charged despite on-time payment,Phone / Contact Center,59,Emerging Wealth,Southeast,5,35,4623.88,Disputed charge and late fee charged despite on-time payment on Platinum Rewards Card. The app crashed and agent on phone was unable to waive fees.,2025-08-21 10:27:00,2025-08-26 22:27:00,Closed with Explanation,Dispute Denied,0,3.0,Billing Services,6.42,1,0,MEDIUM
CXP-2024-00276,CUST-10233,2024-06-10 09:09:00,Digital Banking,Web Online Portal,Security & Credentials,Account locked after password reset,Mobile App,45,Mass Market,Southeast,51,12,2316.71,Extremely frustrated with the account locked after password reset on my Web Online Portal. This has happened multiple times and customer support failed to resolve it promptly.,2024-06-11 07:09:00,2024-06-14 11:09:00,Closed with Non-Monetary Relief,Full Refund,0,5.0,Digital Tech Support,4.08,0,0,MEDIUM
CXP-2024-00013,CUST-10233,2025-08-26 16:28:00,Savings Account,Certificate of Deposit (CD),Transfer & Withdrawal Limits,Wire transfer held for security review,Phone / Contact Center,45,Mass Market,Southeast,51,12,2316.71,I am writing regarding my Certificate of Deposit (CD) account. I encountered a severe wire transfer held for security review on 2025-08-26. I tried resolving this via Phone / Contact Center but the service was disappointing.,2025-08-27 00:28:00,2025-09-01 17:28:00,Closed with Monetary Relief,Full Refund,1,3.0,Tier 2 Escalations,6.04,1,0,CRITICAL
CXP-2024-00497,CUST-10234,2024-01-26 16:00:00,Credit Card,Platinum Rewards Card,Billing & Fee Dispute,Late fee charged despite on-time payment,Branch,34,Premium Cardholder,Southeast,64,41,7591.98,Extremely frustrated with the late fee charged despite on-time payment on my Platinum Rewards Card. This has happened multiple times and customer support failed to resolve it promptly.,2024-01-27 00:00:00,2024-01-29 01:00:00,Closed with Explanation,Dispute Denied,0,3.0,Billing Services,2.38,0,0,LOW
CXP-2024-00186,CUST-10234,2024-03-25 16:39:00,Credit Card,Platinum Rewards Card,Fraud & Unauthorized Transaction,Card cloned at gas station,Mobile App,34,Premium Cardholder,Southeast,64,41,7591.98,Disputed charge and card cloned at gas station on Platinum Rewards Card. The app crashed and agent on phone was unable to waive fees.,2024-03-26 03:39:00,2024-04-04 21:39:00,Closed with Non-Monetary Relief,Fee Waived,1,1.0,Tier 2 Escalations,10.21,1,1,CRITICAL
CXP-2024-00142,CUST-10234,2025-03-19 20:23:00,Credit Card,Cash Back Preferred,Fraud & Unauthorized Transaction,Unrecognized charge at foreign merchant,Branch,34,Premium Cardholder,Southeast,64,41,7591.98,I am writing regarding my Cash Back Preferred account. I encountered a severe unrecognized charge at foreign merchant on 2025-03-19. I tried resolving this via Branch but the service was disappointing.,2025-03-20 00:23:00,2025-03-22 22:23:00,Closed with Non-Monetary Relief,Fee Waived,0,2.0,Fraud Ops,3.08,0,0,HIGH
CXP-2024-00038,CUST-10235,2025-01-17 08:29:00,Credit Card,Travel Elite Card,Credit Line Decrease,Credit limit reduced without clear reason,Phone / Contact Center,47,Emerging Wealth,West Coast,50,28,4525.18,Urgent issue: Credit limit reduced without clear reason regarding Credit Card. I request an immediate refund and resolution. My account tenure is 50 months and I expect better service.,2025-01-17 17:29:00,2025-01-20 20:29:00,Closed with Explanation,Dispute Denied,0,1.0,Tier 1 General,3.5,0,0,LOW
CXP-2024-00304,CUST-10235,2025-09-19 20:38:00,Savings Account,Money Market Account,Account Maintenance,Joint owner addition delayed,Branch,47,Emerging Wealth,West Coast,50,28,4525.18,Filing a formal complaint about joint owner addition delayed. Resolution has taken too long and I am considering closing my account.,2025-09-19 23:38:00,2025-09-22 08:38:00,Closed with Explanation,Dispute Denied,0,4.0,Tier 1 General,2.5,0,0,LOW
CXP-2024-00039,CUST-10237,2024-07-07 09:55:00,Savings Account,Certificate of Deposit (CD),Transfer & Withdrawal Limits,Wire transfer held for security review,Web Portal,42,Premium Cardholder,Midwest,10,47,6167.06,Disputed charge and wire transfer held for security review on Certificate of Deposit (CD). The app crashed and agent on phone was unable to waive fees.,2024-07-07 12:55:00,2024-07-09 19:55:00,Closed with Monetary Relief,Statement Credit,0,5.0,Tier 1 General,2.42,0,0,LOW
CXP-2024-00025,CUST-10237,2025-11-25 08:32:00,Credit Card,Platinum Rewards Card,Fraud & Unauthorized Transaction,Phishing transaction alert,Phone / Contact Center,42,Premium Cardholder,Midwest,10,47,6167.06,Extremely frustrated with the phishing transaction alert on my Platinum Rewards Card. This has happened multiple times and customer support failed to resolve it promptly.,2025-11-25 10:32:00,2025-11-29 12:32:00,Closed with Explanation,Policy Explanation,0,2.0,Fraud Ops,4.17,0,0,HIGH
CXP-2024-00171,CUST-10238,2024-09-19 19:54:00,Personal Loans,Emergency Express Loan,Interest Rate Dispute,Variable rate increase dispute,Web Portal,33,Mass Market,Southeast,26,10,1520.06,Filing a formal complaint about variable rate increase dispute. Resolution has taken too long and I am considering closing my account.,2024-09-20 06:54:00,2024-09-21 00:54:00,Closed with Explanation,Policy Explanation,0,4.0,Tier 1 General,1.21,0,0,LOW
CXP-2024-00455,CUST-10239,2024-08-30 13:57:00,Savings Account,High Yield Savings,Interest Rate Dispute,Promotional APY rate dropped early,Phone / Contact Center,49,Mass Market,Southeast,6,16,2350.9,Filing a formal complaint about promotional apy rate dropped early. Resolution has taken too long and I am considering closing my account.,2024-08-30 19:57:00,2024-09-01 01:57:00,Closed with Monetary Relief,Statement Credit,0,3.0,Tier 1 General,1.5,0,0,LOW
CXP-2024-00061,CUST-10240,2024-07-27 13:28:00,Personal Loans,Unsecured Fixed Loan,Loan Payoff & Closing,Overpayment refund check not received,Phone / Contact Center,21,High Net Worth,Northeast,264,47,8336.8,Filing a formal complaint about overpayment refund check not received. Resolution has taken too long and I am considering closing my account.,2024-07-28 11:28:00,2024-08-08 00:28:00,Closed with Monetary Relief,Fee Waived,1,1.0,Tier 2 Escalations,11.46,1,0,CRITICAL
CXP-2024-00077,CUST-10240,2025-05-18 08:09:00,Credit Card,Platinum Rewards Card,Billing & Fee Dispute,Late fee charged despite on-time payment,Web Portal,21,High Net Worth,Northeast,264,47,8336.8,Disputed charge and late fee charged despite on-time payment on Platinum Rewards Card. The app crashed and agent on phone was unable to waive fees.,2025-05-18 20:09:00,2025-05-23 19:09:00,Closed with Non-Monetary Relief,Full Refund,0,2.0,Billing Services,5.46,1,0,MEDIUM
CXP-2024-00233,CUST-10243,2025-04-21 19:02:00,Digital Banking,Mobile App Android,Mobile App Access/Outage,Two-factor authentication SMS delayed,Branch,18,Premium Cardholder,Midwest,13,11,1664.45,Urgent issue: Two-factor authentication SMS delayed regarding Digital Banking. I request an immediate refund and resolution. My account tenure is 13 months and I expect better service.,2025-04-22 11:02:00,2025-04-29 20:02:00,Closed with Monetary Relief,Full Refund,1,1.0,Tier 2 Escalations,8.04,1,0,CRITICAL
CXP-2024-00344,CUST-10243,2025-07-04 08:09:00,Credit Card,Travel Elite Card,Credit Line Decrease,Requested limit increase denied,Web Portal,18,Premium Cardholder,Midwest,13,11,1664.45,Urgent issue: Requested limit increase denied regarding Credit Card. I request an immediate refund and resolution. My account tenure is 13 months and I expect better service.,2025-07-05 08:09:00,2025-07-12 12:09:00,Closed with Explanation,Dispute Denied,1,1.0,Tier 2 Escalations,8.17,1,1,CRITICAL
CXP-2024-00140,CUST-10243,2025-08-22 20:29:00,Savings Account,Money Market Account,Account Maintenance,Joint owner addition delayed,Mobile App,18,Premium Cardholder,Midwest,13,11,1664.45,Filing a formal complaint about joint owner addition delayed. Resolution has taken too long and I am considering closing my account.,2025-08-23 05:29:00,2025-08-26 23:29:00,Closed with Non-Monetary Relief,Statement Credit,1,3.0,Tier 2 Escalations,4.12,0,1,HIGH
CXP-2024-00249,CUST-10245,2024-05-31 10:53:00,Credit Card,Platinum Rewards Card,Billing & Fee Dispute,Late fee charged despite on-time payment,Written / Mail,38,Small Business,Southeast,27,56,8961.84,Urgent issue: Late fee charged despite on-time payment regarding Credit Card. I request an immediate refund and resolution. My account tenure is 27 months and I expect better service.,2024-05-31 19:53:00,2024-06-03 22:53:00,Closed with Monetary Relief,Full Refund,0,1.0,Billing Services,3.5,0,0,LOW
CXP-2024-00418,CUST-10245,2024-12-01 17:32:00,Personal Loans,Unsecured Fixed Loan,Loan Payoff & Closing,Payoff quote expired early,Phone / Contact Center,38,Small Business,Southeast,27,56,8961.84,Extremely frustrated with the payoff quote expired early on my Unsecured Fixed Loan. This has happened multiple times and customer support failed to resolve it promptly.,2024-12-02 11:32:00,2024-12-02 18:32:00,Closed with Non-Monetary Relief,Full Refund,0,5.0,Tier 1 General,1.04,0,0,LOW
CXP-2024-00089,CUST-10245,2025-04-03 19:53:00,Credit Card,Platinum Rewards Card,Credit Line Decrease,Credit score drop notification error,Mobile App,38,Small Business,Southeast,27,56,8961.84,Extremely frustrated with the credit score drop notification error on my Platinum Rewards Card. This has happened multiple times and customer support failed to resolve it promptly.,2025-04-03 22:53:00,2025-04-06 22:53:00,Closed with Explanation,Dispute Denied,0,5.0,Tier 1 General,3.12,0,0,LOW
CXP-2024-00065,CUST-10246,2024-01-05 09:17:00,Credit Card,Platinum Rewards Card,Billing & Fee Dispute,Late fee charged despite on-time payment,Web Portal,32,Mass Market,Southeast,100,17,2374.5,I am writing regarding my Platinum Rewards Card account. I encountered a severe late fee charged despite on-time payment on 2024-01-05. I tried resolving this via Web Portal but the service was disappointing.,2024-01-05 22:17:00,2024-01-07 12:17:00,Closed with Explanation,Policy Explanation,0,5.0,Billing Services,2.12,0,0,LOW
CXP-2024-00229,CUST-10247,2025-11-28 13:20:00,Digital Banking,Web Online Portal,Digital Dispute Tool Error,Status tracker not updating,Written / Mail,24,Small Business,Midwest,173,39,5272.18,I am writing regarding my Web Online Portal account. I encountered a severe status tracker not updating on 2025-11-28. I tried resolving this via Written / Mail but the service was disappointing.,2025-11-28 15:20:00,2025-11-30 16:20:00,Closed with Non-Monetary Relief,Full Refund,0,5.0,Digital Tech Support,2.12,0,0,LOW
CXP-2024-00219,CUST-10250,2024-03-26 10:32:00,Credit Card,Cash Back Preferred,Billing & Fee Dispute,Annual fee charged unexpectedly,Mobile App,31,Mass Market,Southwest,10,10,1575.75,Filing a formal complaint about annual fee charged unexpectedly. Resolution has taken too long and I am considering closing my account.,2024-03-26 13:32:00,2024-04-01 21:32:00,Closed with Explanation,Policy Explanation,1,4.0,Tier 2 Escalations,6.46,1,0,CRITICAL
CXP-2024-00308,CUST-10250,2025-01-26 20:38:00,Savings Account,Certificate of Deposit (CD),Interest Rate Dispute,Promotional APY rate dropped early,Phone / Contact Center,31,Mass Market,Southwest,10,10,1575.75,Disputed charge and promotional apy rate dropped early on Certificate of Deposit (CD). The app crashed and agent on phone was unable to waive fees.,2025-01-27 20:38:00,2025-02-03 00:38:00,Closed with Explanation,Dispute Denied,1,2.0,Tier 2 Escalations,7.17,1,0,CRITICAL
CXP-2024-00183,CUST-10251,2024-01-15 12:55:00,Personal Loans,Unsecured Fixed Loan,Billing & Fee Dispute,Direct debit pulled twice,Phone / Contact Center,25,Emerging Wealth,Southeast,8,33,3805.68,Filing a formal complaint about direct debit pulled twice. Resolution has taken too long and I am considering closing my account.,2024-01-15 16:55:00,2024-01-22 16:55:00,Closed with Non-Monetary Relief,Statement Credit,1,4.0,Tier 2 Escalations,7.17,1,0,CRITICAL
CXP-2024-00088,CUST-10252,2025-07-01 14:50:00,Credit Card,Travel Elite Card,Rewards Redemption Failure,Cashback balance calculation error,Phone / Contact Center,39,Premium Cardholder,Southeast,103,36,5584.14,Disputed charge and cashback balance calculation error on Travel Elite Card. The app crashed and agent on phone was unable to waive fees.,2025-07-01 19:50:00,2025-07-05 02:50:00,Closed with Monetary Relief,Full Refund,1,1.0,Tier 2 Escalations,3.5,0,0,HIGH
CXP-2024-00232,CUST-10255,2024-05-07 13:15:00,Credit Card,Cash Back Preferred,Billing & Fee Dispute,Annual fee charged unexpectedly,Mobile App,44,Mass Market,West Coast,6,6,810.72,Filing a formal complaint about annual fee charged unexpectedly. Resolution has taken too long and I am considering closing my account.,2024-05-08 13:15:00,2024-05-08 20:15:00,Closed with Explanation,Policy Explanation,0,5.0,Billing Services,1.29,0,0,LOW
CXP-2024-00345,CUST-10255,2025-06-30 16:32:00,Personal Loans,Emergency Express Loan,Loan Payoff & Closing,Title release delayed post payment,Web Portal,44,Mass Market,West Coast,6,6,810.72,Disputed charge and title release delayed post payment on Emergency Express Loan. The app crashed and agent on phone was unable to waive fees.,2025-07-01 11:32:00,2025-07-13 02:32:00,Closed with Explanation,Dispute Denied,1,1.0,Tier 2 Escalations,12.42,1,0,CRITICAL
CXP-2024-00398,CUST-10256,2025-01-24 17:29:00,Credit Card,Platinum Rewards Card,Credit Line Decrease,Credit score drop notification error,Phone / Contact Center,61,Premium Cardholder,Midwest,37,31,5556.22,Filing a formal complaint about credit score drop notification error. Resolution has taken too long and I am considering closing my account.,2025-01-25 17:29:00,2025-01-27 01:29:00,Closed with Non-Monetary Relief,Statement Credit,0,5.0,Tier 1 General,2.33,0,0,LOW
CXP-2024-00255,CUST-10257,2024-04-17 18:32:00,Credit Card,Cash Back Preferred,Interest Rate Dispute,Balance transfer fee dispute,Mobile App,51,Mass Market,Northeast,68,5,938.7,Disputed charge and balance transfer fee dispute on Cash Back Preferred. The app crashed and agent on phone was unable to waive fees.,2024-04-18 17:32:00,2024-04-27 00:32:00,Closed with Non-Monetary Relief,Full Refund,0,3.0,Tier 1 General,9.25,1,0,MEDIUM
CXP-2024-00113,CUST-10257,2025-03-27 09:37:00,Credit Card,Basic Credit Card,Credit Line Decrease,Credit limit reduced without clear reason,Web Portal,51,Mass Market,Northeast,68,5,938.7,Urgent issue: Credit limit reduced without clear reason regarding Credit Card. I request an immediate refund and resolution. My account tenure is 68 months and I expect better service.,2025-03-28 07:37:00,2025-03-30 12:37:00,Closed with Explanation,Policy Explanation,0,2.0,Tier 1 General,3.12,0,0,LOW
CXP-2024-00433,CUST-10258,2024-09-07 20:11:00,Credit Card,Basic Credit Card,Interest Rate Dispute,Balance transfer fee dispute,Web Portal,28,Mass Market,Southeast,7,6,1480.8,Filing a formal complaint about balance transfer fee dispute. Resolution has taken too long and I am considering closing my account.,2024-09-08 01:11:00,2024-09-12 08:11:00,Closed with Monetary Relief,Fee Waived,0,1.0,Tier 1 General,4.5,0,0,MEDIUM
CXP-2024-00493,CUST-10259,2024-02-21 09:34:00,Personal Loans,Emergency Express Loan,Interest Rate Dispute,Prepayment penalty charged unfairly,Phone / Contact Center,48,Mass Market,Southeast,62,19,2054.55,Urgent issue: Prepayment penalty charged unfairly regarding Personal Loans. I request an immediate refund and resolution. My account tenure is 62 months and I expect better service.,2024-02-22 06:34:00,2024-03-02 20:34:00,Closed with Monetary Relief,Statement Credit,1,2.0,Tier 2 Escalations,10.46,1,0,CRITICAL
CXP-2024-00390,CUST-10259,2025-10-15 13:04:00,Credit Card,Cash Back Preferred,Rewards Redemption Failure,Points failed to credit after promotion,Phone / Contact Center,48,Mass Market,Southeast,62,19,2054.55,Urgent issue: Points failed to credit after promotion regarding Credit Card. I request an immediate refund and resolution. My account tenure is 62 months and I expect better service.,2025-10-16 12:04:00,2025-10-16 17:04:00,Closed with Monetary Relief,Fee Waived,0,5.0,Tier 1 General,1.17,0,0,LOW
CXP-2024-00431,CUST-10259,2025-12-24 15:56:00,Credit Card,Cash Back Preferred,Billing & Fee Dispute,Autopay processing error,Phone / Contact Center,48,Mass Market,Southeast,62,19,2054.55,Urgent issue: Autopay processing error regarding Credit Card. I request an immediate refund and resolution. My account tenure is 62 months and I expect better service.,2025-12-25 10:56:00,2025-12-25 23:56:00,Closed with Non-Monetary Relief,Fee Waived,0,4.0,Billing Services,1.33,0,1,HIGH
CXP-2024-00127,CUST-10260,2025-02-10 20:28:00,Credit Card,Platinum Rewards Card,Fraud & Unauthorized Transaction,Card cloned at gas station,Written / Mail,33,Mass Market,Midwest,93,15,1687.39,Urgent issue: Card cloned at gas station regarding Credit Card. I request an immediate refund and resolution. My account tenure is 93 months and I expect better service.,2025-02-11 12:28:00,2025-02-14 01:28:00,Closed with Monetary Relief,Fee Waived,1,4.0,Tier 2 Escalations,3.21,0,0,HIGH
CXP-2024-00323,CUST-10260,2025-08-04 10:45:00,Personal Loans,Emergency Express Loan,Loan Payoff & Closing,Title release delayed post payment,Web Portal,33,Mass Market,Midwest,93,15,1687.39,Extremely frustrated with the title release delayed post payment on my Emergency Express Loan. This has happened multiple times and customer support failed to resolve it promptly.,2025-08-05 04:45:00,2025-08-09 20:45:00,Closed with Non-Monetary Relief,Fee Waived,0,2.0,Tier 1 General,5.42,1,0,MEDIUM
CXP-2024-00178,CUST-10260,2025-12-21 16:46:00,Credit Card,Platinum Rewards Card,Credit Line Decrease,Credit limit reduced without clear reason,Branch,33,Mass Market,Midwest,93,15,1687.39,Disputed charge and credit limit reduced without clear reason on Platinum Rewards Card. The app crashed and agent on phone was unable to waive fees.,2025-12-21 22:46:00,2025-12-25 00:46:00,Closed with Monetary Relief,Statement Credit,0,1.0,Tier 1 General,3.33,0,0,LOW
CXP-2024-00357,CUST-10261,2024-01-19 11:17:00,Credit Card,Basic Credit Card,Billing & Fee Dispute,Late fee charged despite on-time payment,Mobile App,45,Emerging Wealth,Northeast,93,22,3169.1,Filing a formal complaint about late fee charged despite on-time payment. Resolution has taken too long and I am considering closing my account.,2024-01-20 06:17:00,2024-01-22 13:17:00,Closed with Explanation,Dispute Denied,0,2.0,Billing Services,3.08,0,0,LOW
CXP-2024-00387,CUST-10261,2025-02-14 12:46:00,Savings Account,Money Market Account,Account Maintenance,Monthly maintenance fee assessed despite minimum balance,Mobile App,45,Emerging Wealth,Northeast,93,22,3169.1,Disputed charge and monthly maintenance fee assessed despite minimum balance on Money Market Account. The app crashed and agent on phone was unable to waive fees.,2025-02-14 19:46:00,2025-02-17 20:46:00,Closed with Explanation,Dispute Denied,0,4.0,Tier 1 General,3.33,0,0,LOW
CXP-2024-00343,CUST-10261,2025-04-23 11:58:00,Savings Account,High Yield Savings,Account Maintenance,Monthly maintenance fee assessed despite minimum balance,Web Portal,45,Emerging Wealth,Northeast,93,22,3169.1,Extremely frustrated with the monthly maintenance fee assessed despite minimum balance on my High Yield Savings. This has happened multiple times and customer support failed to resolve it promptly.,2025-04-24 06:58:00,2025-04-29 12:58:00,Closed with Monetary Relief,Fee Waived,0,2.0,Tier 1 General,6.04,1,1,HIGH
CXP-2024-00453,CUST-10264,2024-03-30 11:41:00,Digital Banking,Web Online Portal,Security & Credentials,Unrecognized login security alert,Web Portal,41,High Net Worth,Southwest,84,50,8048.36,Filing a formal complaint about unrecognized login security alert. Resolution has taken too long and I am considering closing my account.,2024-03-30 22:41:00,2024-04-09 21:41:00,Closed with Monetary Relief,Fee Waived,0,2.0,Digital Tech Support,10.42,1,0,MEDIUM
CXP-2024-00305,CUST-10264,2024-12-27 17:49:00,Digital Banking,Mobile App Android,Security & Credentials,Account locked after password reset,Web Portal,41,High Net Worth,Southwest,84,50,8048.36,Disputed charge and account locked after password reset on Mobile App Android. The app crashed and agent on phone was unable to waive fees.,2024-12-28 16:49:00,2025-01-05 01:49:00,Closed with Monetary Relief,Statement Credit,1,1.0,Tier 2 Escalations,8.33,1,0,CRITICAL
CXP-2024-00271,CUST-10265,2024-10-16 20:29:00,Credit Card,Basic Credit Card,Credit Line Decrease,Credit score drop notification error,Mobile App,37,Mass Market,Southwest,93,9,1420.64,Disputed charge and credit score drop notification error on Basic Credit Card. The app crashed and agent on phone was unable to waive fees.,2024-10-17 11:29:00,2024-10-18 08:29:00,Closed with Non-Monetary Relief,Statement Credit,0,5.0,Tier 1 General,1.5,0,0,LOW
CXP-2024-00024,CUST-10265,2025-12-25 13:05:00,Digital Banking,Mobile App Android,Security & Credentials,Account locked after password reset,Web Portal,37,Mass Market,Southwest,93,9,1420.64,Extremely frustrated with the account locked after password reset on my Mobile App Android. This has happened multiple times and customer support failed to resolve it promptly.,2025-12-25 23:05:00,2025-12-26 20:05:00,Closed with Non-Monetary Relief,Full Refund,0,5.0,Digital Tech Support,1.29,0,0,LOW
CXP-2024-00260,CUST-10266,2024-07-30 13:49:00,Digital Banking,Web Online Portal,Mobile App Access/Outage,Two-factor authentication SMS delayed,Web Portal,46,Mass Market,Southwest,128,7,1505.87,Filing a formal complaint about two-factor authentication sms delayed. Resolution has taken too long and I am considering closing my account.,2024-07-30 20:49:00,2024-07-31 22:49:00,Closed with Explanation,Policy Explanation,0,5.0,Digital Tech Support,1.38,0,0,LOW
CXP-2024-00491,CUST-10266,2025-06-20 20:29:00,Credit Card,Basic Credit Card,Billing & Fee Dispute,Annual fee charged unexpectedly,Mobile App,46,Mass Market,Southwest,128,7,1505.87,Filing a formal complaint about annual fee charged unexpectedly. Resolution has taken too long and I am considering closing my account.,2025-06-21 06:29:00,2025-06-22 07:29:00,Closed with Non-Monetary Relief,Statement Credit,0,4.0,Billing Services,1.46,0,0,LOW
CXP-2024-00269,CUST-10267,2025-11-19 17:25:00,Credit Card,Platinum Rewards Card,Interest Rate Dispute,APR increased without prior notification,Web Portal,30,High Net Worth,Southeast,16,68,12690.44,Extremely frustrated with the apr increased without prior notification on my Platinum Rewards Card. This has happened multiple times and customer support failed to resolve it promptly.,2025-11-20 07:25:00,2025-11-20 19:25:00,Closed with Explanation,Dispute Denied,0,5.0,Tier 1 General,1.08,0,0,LOW
CXP-2024-00446,CUST-10268,2025-11-01 14:27:00,Savings Account,High Yield Savings,Interest Rate Dispute,Tiered balance APY threshold issue,Written / Mail,85,Premium Cardholder,Northeast,17,42,5527.1,Urgent issue: Tiered balance APY threshold issue regarding Savings Account. I request an immediate refund and resolution. My account tenure is 17 months and I expect better service.,2025-11-02 04:27:00,2025-11-05 00:27:00,Closed with Explanation,Policy Explanation,0,4.0,Tier 1 General,3.42,0,0,LOW
CXP-2024-00210,CUST-10269,2024-01-13 14:39:00,Credit Card,Basic Credit Card,Billing & Fee Dispute,Late fee charged despite on-time payment,Phone / Contact Center,31,Mass Market,Southeast,166,12,2124.24,Urgent issue: Late fee charged despite on-time payment regarding Credit Card. I request an immediate refund and resolution. My account tenure is 166 months and I expect better service.,2024-01-13 17:39:00,2024-01-14 18:39:00,Closed with Non-Monetary Relief,Statement Credit,0,5.0,Billing Services,1.17,0,0,LOW
CXP-2024-00263,CUST-10272,2024-12-18 18:05:00,Digital Banking,Web Online Portal,Security & Credentials,Device registration loop error,Phone / Contact Center,59,Emerging Wealth,Southwest,185,29,4807.1,Extremely frustrated with the device registration loop error on my Web Online Portal. This has happened multiple times and customer support failed to resolve it promptly.,2024-12-19 14:05:00,2024-12-20 22:05:00,Closed with Non-Monetary Relief,Full Refund,0,3.0,Digital Tech Support,2.17,0,0,LOW
CXP-2024-00352,CUST-10274,2024-06-10 09:28:00,Credit Card,Travel Elite Card,Billing & Fee Dispute,Late fee charged despite on-time payment,Phone / Contact Center,34,Mass Market,Northeast,23,6,936.47,Extremely frustrated with the late fee charged despite on-time payment on my Travel Elite Card. This has happened multiple times and customer support failed to resolve it promptly.,2024-06-11 09:28:00,2024-06-12 13:28:00,Closed with Monetary Relief,Full Refund,0,5.0,Billing Services,2.17,0,0,LOW
CXP-2024-00302,CUST-10275,2025-09-05 20:54:00,Credit Card,Cash Back Preferred,Rewards Redemption Failure,Points failed to credit after promotion,Phone / Contact Center,49,Emerging Wealth,Midwest,7,27,3056.29,Disputed charge and points failed to credit after promotion on Cash Back Preferred. The app crashed and agent on phone was unable to waive fees.,2025-09-06 07:54:00,2025-09-12 23:54:00,Closed with Monetary Relief,Statement Credit,0,2.0,Tier 1 General,7.12,1,0,MEDIUM
CXP-2024-00483,CUST-10277,2024-01-28 18:05:00,Credit Card,Platinum Rewards Card,Credit Line Decrease,Requested limit increase denied,Mobile App,27,Mass Market,Southwest,49,15,2135.9,Filing a formal complaint about requested limit increase denied. Resolution has taken too long and I am considering closing my account.,2024-01-29 11:05:00,2024-01-29 19:05:00,Closed with Monetary Relief,Fee Waived,0,4.0,Tier 1 General,1.04,0,0,LOW
CXP-2024-00452,CUST-10277,2025-11-10 17:17:00,Credit Card,Basic Credit Card,Billing & Fee Dispute,Annual fee charged unexpectedly,Phone / Contact Center,27,Mass Market,Southwest,49,15,2135.9,Extremely frustrated with the annual fee charged unexpectedly on my Basic Credit Card. This has happened multiple times and customer support failed to resolve it promptly.,2025-11-10 22:17:00,2025-11-14 04:17:00,Closed with Explanation,Dispute Denied,0,3.0,Billing Services,3.46,0,0,LOW
CXP-2024-00439,CUST-10278,2024-12-19 13:01:00,Credit Card,Basic Credit Card,Fraud & Unauthorized Transaction,Card cloned at gas station,Mobile App,37,High Net Worth,Southeast,33,108,15540.66,Disputed charge and card cloned at gas station on Basic Credit Card. The app crashed and agent on phone was unable to waive fees.,2024-12-20 10:01:00,2024-12-20 21:01:00,Closed with Explanation,Policy Explanation,0,4.0,Fraud Ops,1.33,0,0,HIGH
CXP-2024-00118,CUST-10278,2025-03-14 10:06:00,Personal Loans,Emergency Express Loan,Loan Payoff & Closing,Payoff quote expired early,Mobile App,37,High Net Worth,Southeast,33,108,15540.66,Filing a formal complaint about payoff quote expired early. Resolution has taken too long and I am considering closing my account.,2025-03-15 08:06:00,2025-03-17 12:06:00,Closed with Explanation,Dispute Denied,0,3.0,Tier 1 General,3.08,0,1,HIGH
CXP-2024-00106,CUST-10280,2024-04-27 13:38:00,Credit Card,Basic Credit Card,Rewards Redemption Failure,Points failed to credit after promotion,Mobile App,43,High Net Worth,Southwest,22,79,12089.52,Filing a formal complaint about points failed to credit after promotion. Resolution has taken too long and I am considering closing my account.,2024-04-27 16:38:00,2024-05-01 23:38:00,Closed with Non-Monetary Relief,Fee Waived,0,3.0,Tier 1 General,4.42,0,0,MEDIUM
CXP-2024-00376,CUST-10280,2024-07-22 13:34:00,Personal Loans,Debt Consolidation Loan,Loan Payoff & Closing,Payoff quote expired early,Mobile App,43,High Net Worth,Southwest,22,79,12089.52,Urgent issue: Payoff quote expired early regarding Personal Loans. I request an immediate refund and resolution. My account tenure is 22 months and I expect better service.,2024-07-23 01:34:00,2024-07-29 16:34:00,Closed with Monetary Relief,Statement Credit,0,1.0,Tier 1 General,7.12,1,1,HIGH
CXP-2024-00066,CUST-10280,2025-01-14 12:26:00,Credit Card,Platinum Rewards Card,Credit Line Decrease,Requested limit increase denied,Phone / Contact Center,43,High Net Worth,Southwest,22,79,12089.52,Filing a formal complaint about requested limit increase denied. Resolution has taken too long and I am considering closing my account.,2025-01-14 17:26:00,2025-01-17 23:26:00,Closed with Explanation,Policy Explanation,0,1.0,Tier 1 General,3.46,0,0,LOW
CXP-2024-00448,CUST-10281,2024-02-21 12:10:00,Credit Card,Cash Back Preferred,Credit Line Decrease,Credit limit reduced without clear reason,Web Portal,32,Premium Cardholder,Southeast,55,34,5930.14,Extremely frustrated with the credit limit reduced without clear reason on my Cash Back Preferred. This has happened multiple times and customer support failed to resolve it promptly.,2024-02-21 16:10:00,2024-02-28 00:10:00,Closed with Non-Monetary Relief,Full Refund,0,2.0,Tier 1 General,6.5,1,0,MEDIUM
CXP-2024-00322,CUST-10281,2025-01-17 09:25:00,Digital Banking,Mobile App iOS,Security & Credentials,Unrecognized login security alert,Phone / Contact Center,32,Premium Cardholder,Southeast,55,34,5930.14,Urgent issue: Unrecognized login security alert regarding Digital Banking. I request an immediate refund and resolution. My account tenure is 55 months and I expect better service.,2025-01-18 03:25:00,2025-01-25 12:25:00,Closed with Explanation,Dispute Denied,1,1.0,Tier 2 Escalations,8.12,1,0,CRITICAL
CXP-2024-00197,CUST-10282,2025-02-11 08:48:00,Savings Account,Money Market Account,Account Maintenance,Joint owner addition delayed,Mobile App,55,Emerging Wealth,West Coast,50,9,1266.09,Disputed charge and joint owner addition delayed on Money Market Account. The app crashed and agent on phone was unable to waive fees.,2025-02-11 22:48:00,2025-02-16 10:48:00,Closed with Explanation,Policy Explanation,0,1.0,Tier 1 General,5.08,1,0,MEDIUM
CXP-2024-00417,CUST-10282,2025-04-07 16:43:00,Credit Card,Cash Back Preferred,Credit Line Decrease,Requested limit increase denied,Web Portal,55,Emerging Wealth,West Coast,50,9,1266.09,No complaint narrative provided.,2025-04-07 21:43:00,2025-04-10 17:43:00,Closed with Monetary Relief,Full Refund,0,3.0,Tier 1 General,3.04,0,1,HIGH
CXP-2024-00200,CUST-10283,2024-09-12 20:42:00,Digital Banking,Web Online Portal,Security & Credentials,Account locked after password reset,Phone / Contact Center,50,High Net Worth,Northeast,29,92,13611.54,Filing a formal complaint about account locked after password reset. Resolution has taken too long and I am considering closing my account.,2024-09-13 07:42:00,2024-09-22 05:42:00,Closed with Non-Monetary Relief,Full Refund,1,1.0,Tier 2 Escalations,9.38,1,0,CRITICAL
CXP-2024-00306,CUST-10283,2024-09-23 20:00:00,Credit Card,Cash Back Preferred,Interest Rate Dispute,Balance transfer fee dispute,Phone / Contact Center,50,High Net Worth,Northeast,29,92,13611.54,Filing a formal complaint about balance transfer fee dispute. Resolution has taken too long and I am considering closing my account.,2024-09-24 06:00:00,2024-09-25 04:00:00,Closed with Explanation,Dispute Denied,0,5.0,Tier 1 General,1.33,0,1,HIGH
CXP-2024-00298,CUST-10283,2024-10-16 20:15:00,Savings Account,Certificate of Deposit (CD),Account Maintenance,Monthly maintenance fee assessed despite minimum balance,Web Portal,50,High Net Worth,Northeast,29,92,13611.54,Extremely frustrated with the monthly maintenance fee assessed despite minimum balance on my Certificate of Deposit (CD). This has happened multiple times and customer support failed to resolve it promptly.,2024-10-17 01:15:00,2024-10-19 21:15:00,Closed with Explanation,Policy Explanation,0,4.0,Tier 1 General,3.04,0,1,HIGH
CXP-2024-00165,CUST-10283,2025-01-10 10:15:00,Savings Account,High Yield Savings,Interest Rate Dispute,Promotional APY rate dropped early,Mobile App,50,High Net Worth,Northeast,29,92,13611.54,I am writing regarding my High Yield Savings account. I encountered a severe promotional apy rate dropped early on 2025-01-10. I tried resolving this via Mobile App but the service was disappointing.,2025-01-10 20:15:00,2025-01-15 20:15:00,Closed with Monetary Relief,Full Refund,0,1.0,Tier 1 General,5.42,1,1,HIGH
CXP-2024-00215,CUST-10283,2025-02-25 13:48:00,Digital Banking,Mobile App Android,Digital Dispute Tool Error,Dispute submission button unresponsive,Phone / Contact Center,50,High Net Worth,Northeast,29,92,13611.54,Filing a formal complaint about dispute submission button unresponsive. Resolution has taken too long and I am considering closing my account.,2025-02-25 18:48:00,2025-03-03 20:48:00,Closed with Monetary Relief,Fee Waived,0,5.0,Digital Tech Support,6.29,1,1,HIGH
CXP-2024-00162,CUST-10284,2024-02-20 08:02:00,Credit Card,Platinum Rewards Card,Credit Line Decrease,Credit limit reduced without clear reason,Mobile App,25,Small Business,Northeast,29,62,11239.01,Disputed charge and credit limit reduced without clear reason on Platinum Rewards Card. The app crashed and agent on phone was unable to waive fees.,2024-02-20 14:02:00,2024-02-26 20:02:00,Closed with Non-Monetary Relief,Fee Waived,0,3.0,Tier 1 General,6.5,1,0,MEDIUM
CXP-2024-00329,CUST-10284,2024-12-18 10:47:00,Credit Card,Cash Back Preferred,Interest Rate Dispute,APR increased without prior notification,Mobile App,25,Small Business,Northeast,29,62,11239.01,Filing a formal complaint about apr increased without prior notification. Resolution has taken too long and I am considering closing my account.,2024-12-19 05:47:00,2024-12-21 13:47:00,Closed with Explanation,Dispute Denied,0,1.0,Tier 1 General,3.12,0,0,LOW
CXP-2024-00091,CUST-10286,2024-11-12 11:32:00,Credit Card,Cash Back Preferred,Interest Rate Dispute,Balance transfer fee dispute,Mobile App,51,Emerging Wealth,Midwest,33,30,3358.17,I am writing regarding my Cash Back Preferred account. I encountered a severe balance transfer fee dispute on 2024-11-12. I tried resolving this via Mobile App but the service was disappointing.,2024-11-12 21:32:00,2024-11-13 17:32:00,Closed with Explanation,Policy Explanation,0,4.0,Tier 1 General,1.25,0,0,LOW
CXP-2024-00009,CUST-10287,2024-07-13 19:52:00,Credit Card,Platinum Rewards Card,Interest Rate Dispute,Balance transfer fee dispute,Phone / Contact Center,52,Premium Cardholder,Southwest,14,26,4410.14,Urgent issue: Balance transfer fee dispute regarding Credit Card. I request an immediate refund and resolution. My account tenure is 14 months and I expect better service.,2024-07-14 07:52:00,2024-07-21 04:52:00,Closed with Monetary Relief,Statement Credit,1,4.0,Tier 2 Escalations,7.38,1,0,CRITICAL
CXP-2024-00086,CUST-10288,2025-07-13 09:14:00,Savings Account,Money Market Account,Transfer & Withdrawal Limits,Wire transfer held for security review,Web Portal,44,Emerging Wealth,Southeast,22,31,4327.07,Filing a formal complaint about wire transfer held for security review. Resolution has taken too long and I am considering closing my account.,2025-07-13 14:14:00,2025-07-14 17:14:00,Closed with Non-Monetary Relief,Statement Credit,0,5.0,Tier 1 General,1.33,0,0,LOW
CXP-2024-00044,CUST-10288,2025-10-06 16:22:00,Credit Card,Cash Back Preferred,Interest Rate Dispute,APR increased without prior notification,Phone / Contact Center,44,Emerging Wealth,Southeast,22,31,4327.07,Extremely frustrated with the apr increased without prior notification on my Cash Back Preferred. This has happened multiple times and customer support failed to resolve it promptly.,2025-10-07 01:22:00,2025-10-15 17:22:00,Closed with Non-Monetary Relief,Full Refund,0,3.0,Tier 1 General,9.04,1,1,HIGH
CXP-2024-00095,CUST-10290,2024-11-23 19:43:00,Credit Card,Basic Credit Card,Credit Line Decrease,Credit score drop notification error,Mobile App,24,Premium Cardholder,Midwest,76,40,6461.08,Urgent issue: Credit score drop notification error regarding Credit Card. I request an immediate refund and resolution. My account tenure is 76 months and I expect better service.,2024-11-23 22:43:00,2024-11-24 22:43:00,Closed with Explanation,Dispute Denied,0,4.0,Tier 1 General,1.12,0,0,LOW
CXP-2024-00132,CUST-10291,2025-06-23 11:47:00,Credit Card,Basic Credit Card,Rewards Redemption Failure,Travel portal booking error,Mobile App,34,Emerging Wealth,Midwest,44,25,3278.88,No complaint narrative provided.,2025-06-24 07:47:00,2025-06-24 17:47:00,Closed with Non-Monetary Relief,Statement Credit,0,3.0,Tier 1 General,1.25,0,0,LOW
CXP-2024-00467,CUST-10292,2024-02-02 20:33:00,Digital Banking,Web Online Portal,Digital Dispute Tool Error,Document upload failing for chargeback,Mobile App,28,Emerging Wealth,Midwest,16,13,3809.86,Urgent issue: Document upload failing for chargeback regarding Digital Banking. I request an immediate refund and resolution. My account tenure is 16 months and I expect better service.,2024-02-02 23:33:00,2024-02-10 08:33:00,Closed with Monetary Relief,Full Refund,0,2.0,Digital Tech Support,7.5,1,0,MEDIUM
CXP-2024-00341,CUST-10292,2024-09-06 08:03:00,Credit Card,Platinum Rewards Card,Rewards Redemption Failure,Points failed to credit after promotion,Web Portal,28,Emerging Wealth,Midwest,16,13,3809.86,I am writing regarding my Platinum Rewards Card account. I encountered a severe points failed to credit after promotion on 2024-09-06. I tried resolving this via Web Portal but the service was disappointing.,2024-09-06 22:03:00,2024-09-08 16:03:00,Closed with Monetary Relief,Fee Waived,0,4.0,Tier 1 General,2.33,0,0,LOW
CXP-2024-00326,CUST-10295,2025-04-16 11:09:00,Savings Account,High Yield Savings,Interest Rate Dispute,Promotional APY rate dropped early,Branch,42,Mass Market,Northeast,53,15,1533.77,Disputed charge and promotional apy rate dropped early on High Yield Savings. The app crashed and agent on phone was unable to waive fees.,2025-04-16 18:09:00,2025-04-19 20:09:00,Closed with Non-Monetary Relief,Full Refund,0,2.0,Tier 1 General,3.38,0,0,LOW
CXP-2024-00161,CUST-10295,2025-10-15 09:08:00,Digital Banking,Mobile App Android,Security & Credentials,Account locked after password reset,Phone / Contact Center,42,Mass Market,Northeast,53,15,1533.77,Urgent issue: Account locked after password reset regarding Digital Banking. I request an immediate refund and resolution. My account tenure is 53 months and I expect better service.,2025-10-15 18:08:00,2025-10-17 17:08:00,Closed with Explanation,Dispute Denied,0,4.0,Digital Tech Support,2.33,0,0,LOW
CXP-2024-00361,CUST-10296,2024-06-14 12:17:00,Credit Card,Platinum Rewards Card,Interest Rate Dispute,APR increased without prior notification,Web Portal,19,Mass Market,Northeast,26,11,1808.14,Disputed charge and apr increased without prior notification on Platinum Rewards Card. The app crashed and agent on phone was unable to waive fees.,2024-06-15 10:17:00,2024-06-20 19:17:00,Closed with Non-Monetary Relief,Full Refund,0,2.0,Tier 1 General,6.29,1,0,MEDIUM
CXP-2024-00187,CUST-10296,2024-08-23 12:49:00,Credit Card,Platinum Rewards Card,Fraud & Unauthorized Transaction,Card cloned at gas station,Phone / Contact Center,19,Mass Market,Northeast,26,11,1808.14,Extremely frustrated with the card cloned at gas station on my Platinum Rewards Card. This has happened multiple times and customer support failed to resolve it promptly.,2024-08-23 15:49:00,2024-08-28 18:49:00,Closed with Non-Monetary Relief,Statement Credit,1,4.0,Tier 2 Escalations,5.25,1,1,CRITICAL
CXP-2024-00168,CUST-10296,2025-04-21 16:41:00,Credit Card,Basic Credit Card,Fraud & Unauthorized Transaction,Card cloned at gas station,Mobile App,19,Mass Market,Northeast,26,11,1808.14,Urgent issue: Card cloned at gas station regarding Credit Card. I request an immediate refund and resolution. My account tenure is 26 months and I expect better service.,2025-04-22 13:41:00,2025-04-22 20:41:00,Closed with Explanation,Policy Explanation,0,5.0,Fraud Ops,1.17,0,0,HIGH
CXP-2024-00392,CUST-10296,2025-05-16 19:58:00,Credit Card,Platinum Rewards Card,Billing & Fee Dispute,Autopay processing error,Web Portal,19,Mass Market,Northeast,26,11,1808.14,Disputed charge and autopay processing error on Platinum Rewards Card. The app crashed and agent on phone was unable to waive fees.,2025-05-17 17:58:00,2025-05-17 23:58:00,Closed with Monetary Relief,Fee Waived,0,3.0,Billing Services,1.17,0,1,HIGH
CXP-2024-00214,CUST-10297,2025-02-20 11:55:00,Credit Card,Travel Elite Card,Interest Rate Dispute,Balance transfer fee dispute,Branch,52,High Net Worth,Southeast,91,66,9715.47,Urgent issue: Balance transfer fee dispute regarding Credit Card. I request an immediate refund and resolution. My account tenure is 91 months and I expect better service.,2025-02-21 02:55:00,2025-02-22 23:55:00,Closed with Explanation,Dispute Denied,0,3.0,Tier 1 General,2.5,0,0,LOW
CXP-2024-00158,CUST-10298,2025-07-28 17:27:00,Digital Banking,Mobile App iOS,Digital Dispute Tool Error,Dispute submission button unresponsive,Phone / Contact Center,39,High Net Worth,Southeast,136,86,13257.51,Urgent issue: Dispute submission button unresponsive regarding Digital Banking. I request an immediate refund and resolution. My account tenure is 136 months and I expect better service.,2025-07-29 13:27:00,2025-08-03 03:27:00,Closed with Non-Monetary Relief,Full Refund,0,2.0,Digital Tech Support,5.42,1,0,MEDIUM
CXP-2024-00226,CUST-10299,2025-04-25 15:19:00,Credit Card,Platinum Rewards Card,Fraud & Unauthorized Transaction,Card cloned at gas station,Web Portal,18,Mass Market,Midwest,64,23,2846.04,Disputed charge and card cloned at gas station on Platinum Rewards Card. The app crashed and agent on phone was unable to waive fees.,2025-04-26 00:19:00,2025-04-30 17:19:00,Closed with Non-Monetary Relief,Full Refund,0,3.0,Fraud Ops,5.08,1,0,HIGH
CXP-2024-00330,CUST-10301,2025-03-02 15:25:00,Credit Card,Travel Elite Card,Rewards Redemption Failure,Cashback balance calculation error,Mobile App,52,Mass Market,Southwest,14,19,2376.38,Filing a formal complaint about cashback balance calculation error. Resolution has taken too long and I am considering closing my account.,2025-03-02 20:25:00,2025-03-05 00:25:00,Closed with Explanation,Dispute Denied,0,4.0,Tier 1 General,2.38,0,0,LOW
CXP-2024-00319,CUST-10302,2025-11-02 12:20:00,Digital Banking,Mobile App iOS,Mobile App Access/Outage,Session timeout during transfer,Branch,49,Emerging Wealth,Southeast,33,27,4144.1,I am writing regarding my Mobile App iOS account. I encountered a severe session timeout during transfer on 2025-11-02. I tried resolving this via Branch but the service was disappointing.,2025-11-03 11:20:00,2025-11-04 17:20:00,Closed with Non-Monetary Relief,Fee Waived,0,5.0,Digital Tech Support,2.21,0,0,LOW
CXP-2024-00346,CUST-10304,2024-04-08 14:59:00,Credit Card,Basic Credit Card,Rewards Redemption Failure,Cashback balance calculation error,Web Portal,45,Mass Market,Midwest,51,13,2830.99,Filing a formal complaint about cashback balance calculation error. Resolution has taken too long and I am considering closing my account.,2024-04-08 17:59:00,2024-04-11 01:59:00,Closed with Explanation,Dispute Denied,0,3.0,Tier 1 General,2.46,0,0,LOW
CXP-2024-00316,CUST-10304,2025-06-20 20:45:00,Digital Banking,Web Online Portal,Security & Credentials,Unrecognized login security alert,Phone / Contact Center,45,Mass Market,Midwest,51,13,2830.99,I am writing regarding my Web Online Portal account. I encountered a severe unrecognized login security alert on 2025-06-20. I tried resolving this via Phone / Contact Center but the service was disappointing.,2025-06-21 11:45:00,2025-06-22 23:45:00,Closed with Monetary Relief,Statement Credit,0,4.0,Digital Tech Support,2.12,0,0,LOW
CXP-2024-00413,CUST-10305,2024-01-20 08:50:00,Credit Card,Basic Credit Card,Rewards Redemption Failure,Points failed to credit after promotion,Phone / Contact Center,37,Mass Market,Midwest,34,11,1108.23,Extremely frustrated with the points failed to credit after promotion on my Basic Credit Card. This has happened multiple times and customer support failed to resolve it promptly.,2024-01-21 00:50:00,2024-01-21 14:50:00,Closed with Monetary Relief,Full Refund,0,4.0,Tier 1 General,1.25,0,0,LOW
CXP-2024-00307,CUST-10305,2024-11-09 12:49:00,Credit Card,Cash Back Preferred,Credit Line Decrease,Requested limit increase denied,Phone / Contact Center,37,Mass Market,Midwest,34,11,1108.23,No complaint narrative provided.,2024-11-10 11:49:00,2024-11-10 15:49:00,Closed with Monetary Relief,Statement Credit,0,3.0,Tier 1 General,1.12,0,0,LOW
CXP-2024-00035,CUST-10305,2025-09-11 17:22:00,Personal Loans,Unsecured Fixed Loan,Loan Payoff & Closing,Title release delayed post payment,Web Portal,37,Mass Market,Midwest,34,11,1108.23,Filing a formal complaint about title release delayed post payment. Resolution has taken too long and I am considering closing my account.,2025-09-12 03:22:00,2025-09-13 23:22:00,Closed with Non-Monetary Relief,Fee Waived,0,3.0,Tier 1 General,2.25,0,0,LOW
CXP-2024-00348,CUST-10306,2025-10-06 09:26:00,Savings Account,High Yield Savings,Interest Rate Dispute,Interest payout missing for month,Mobile App,31,Mass Market,Northeast,14,10,2222.1,Urgent issue: Interest payout missing for month regarding Savings Account. I request an immediate refund and resolution. My account tenure is 14 months and I expect better service.,2025-10-07 01:26:00,2025-10-15 14:26:00,Closed with Non-Monetary Relief,Statement Credit,1,2.0,Tier 2 Escalations,9.21,1,0,CRITICAL
CXP-2024-00115,CUST-10308,2024-04-13 17:14:00,Credit Card,Cash Back Preferred,Rewards Redemption Failure,Points failed to credit after promotion,Web Portal,43,Mass Market,Southwest,50,16,2019.78,Filing a formal complaint about points failed to credit after promotion. Resolution has taken too long and I am considering closing my account.,2024-04-14 04:14:00,2024-04-14 21:14:00,Closed with Monetary Relief,Statement Credit,0,5.0,Tier 1 General,1.17,0,0,LOW
CXP-2024-00181,CUST-10308,2024-08-23 13:59:00,Savings Account,Money Market Account,Transfer & Withdrawal Limits,ACH transfer failed without notification,Mobile App,43,Mass Market,Southwest,50,16,2019.78,I am writing regarding my Money Market Account account. I encountered a severe ach transfer failed without notification on 2024-08-23. I tried resolving this via Mobile App but the service was disappointing.,2024-08-24 09:59:00,2024-08-25 01:59:00,Closed with Explanation,Dispute Denied,0,3.0,Tier 1 General,1.5,0,0,LOW
CXP-2024-00380,CUST-10308,2024-12-30 19:19:00,Credit Card,Travel Elite Card,Fraud & Unauthorized Transaction,Unrecognized charge at foreign merchant,Mobile App,43,Mass Market,Southwest,50,16,2019.78,Urgent issue: Unrecognized charge at foreign merchant regarding Credit Card. I request an immediate refund and resolution. My account tenure is 50 months and I expect better service.,2024-12-31 06:19:00,2025-01-02 07:19:00,Closed with Non-Monetary Relief,Full Refund,0,3.0,Fraud Ops,2.5,0,0,HIGH
CXP-2024-00225,CUST-10308,2025-03-19 11:33:00,Digital Banking,Mobile App iOS,Digital Dispute Tool Error,Status tracker not updating,Mobile App,43,Mass Market,Southwest,50,16,2019.78,I am writing regarding my Mobile App iOS account. I encountered a severe status tracker not updating on 2025-03-19. I tried resolving this via Mobile App but the service was disappointing.,2025-03-20 06:33:00,2025-03-24 19:33:00,Closed with Non-Monetary Relief,Statement Credit,0,5.0,Digital Tech Support,5.33,1,1,HIGH
CXP-2024-00148,CUST-10308,2025-09-05 17:48:00,Personal Loans,Emergency Express Loan,Interest Rate Dispute,Variable rate increase dispute,Web Portal,43,Mass Market,Southwest,50,16,2019.78,Filing a formal complaint about variable rate increase dispute. Resolution has taken too long and I am considering closing my account.,2025-09-06 05:48:00,2025-09-10 04:48:00,Closed with Explanation,Dispute Denied,0,3.0,Tier 1 General,4.46,0,0,MEDIUM
CXP-2024-00436,CUST-10309,2024-03-04 20:26:00,Savings Account,High Yield Savings,Account Maintenance,Joint owner addition delayed,Phone / Contact Center,63,Mass Market,Southeast,30,14,2584.64,Urgent issue: Joint owner addition delayed regarding Savings Account. I request an immediate refund and resolution. My account tenure is 30 months and I expect better service.,2024-03-05 17:26:00,2024-03-07 06:26:00,Closed with Non-Monetary Relief,Statement Credit,0,5.0,Tier 1 General,2.42,0,0,LOW
CXP-2024-00336,CUST-10309,2025-05-19 12:28:00,Credit Card,Platinum Rewards Card,Interest Rate Dispute,Interest charged during promotional 0% period,Phone / Contact Center,63,Mass Market,Southeast,30,14,2584.64,Disputed charge and interest charged during promotional 0% period on Platinum Rewards Card. The app crashed and agent on phone was unable to waive fees.,2025-05-19 18:28:00,2025-05-21 19:28:00,Closed with Monetary Relief,Fee Waived,0,4.0,Tier 1 General,2.29,0,0,LOW
CXP-2024-00430,CUST-10309,2025-10-26 18:03:00,Digital Banking,Mobile App iOS,Digital Dispute Tool Error,Dispute submission button unresponsive,Mobile App,63,Mass Market,Southeast,30,14,2584.64,Extremely frustrated with the dispute submission button unresponsive on my Mobile App iOS. This has happened multiple times and customer support failed to resolve it promptly.,2025-10-27 04:03:00,2025-10-29 21:03:00,Closed with Explanation,Policy Explanation,0,5.0,Digital Tech Support,3.12,0,0,LOW
CXP-2024-00441,CUST-10310,2024-01-15 16:52:00,Personal Loans,Emergency Express Loan,Interest Rate Dispute,APR miscalculated on installment schedule,Mobile App,41,High Net Worth,Northeast,3,73,11986.78,Extremely frustrated with the apr miscalculated on installment schedule on my Emergency Express Loan. This has happened multiple times and customer support failed to resolve it promptly.,2024-01-16 13:52:00,2024-01-19 23:52:00,Closed with Non-Monetary Relief,Fee Waived,0,5.0,Tier 1 General,4.29,0,0,MEDIUM
CXP-2024-00112,CUST-10310,2025-04-04 17:15:00,Credit Card,Travel Elite Card,Fraud & Unauthorized Transaction,Phishing transaction alert,Mobile App,41,High Net Worth,Northeast,3,73,11986.78,Extremely frustrated with the phishing transaction alert on my Travel Elite Card. This has happened multiple times and customer support failed to resolve it promptly.,2025-04-05 08:15:00,2025-04-07 05:15:00,Closed with Non-Monetary Relief,Statement Credit,0,4.0,Fraud Ops,2.5,0,0,HIGH
CXP-2024-00475,CUST-10312,2024-08-16 09:28:00,Credit Card,Travel Elite Card,Interest Rate Dispute,Interest charged during promotional 0% period,Web Portal,20,Small Business,Southwest,6,82,11551.47,Disputed charge and interest charged during promotional 0% period on Travel Elite Card. The app crashed and agent on phone was unable to waive fees.,2024-08-16 20:28:00,2024-08-25 19:28:00,Closed with Non-Monetary Relief,Fee Waived,1,1.0,Tier 2 Escalations,9.42,1,0,CRITICAL
CXP-2024-00212,CUST-10312,2025-03-25 19:02:00,Credit Card,Platinum Rewards Card,Credit Line Decrease,Credit limit reduced without clear reason,Mobile App,20,Small Business,Southwest,6,82,11551.47,Urgent issue: Credit limit reduced without clear reason regarding Credit Card. I request an immediate refund and resolution. My account tenure is 6 months and I expect better service.,2025-03-26 13:02:00,2025-03-30 07:02:00,Closed with Explanation,Policy Explanation,0,5.0,Tier 1 General,4.5,0,0,MEDIUM
CXP-2024-00245,CUST-10312,2025-12-14 08:47:00,Personal Loans,Debt Consolidation Loan,Loan Payoff & Closing,Payoff quote expired early,Web Portal,20,Small Business,Southwest,6,82,11551.47,Extremely frustrated with the payoff quote expired early on my Debt Consolidation Loan. This has happened multiple times and customer support failed to resolve it promptly.,2025-12-15 00:47:00,2025-12-16 09:47:00,Closed with Non-Monetary Relief,Fee Waived,0,3.0,Tier 1 General,2.04,0,0,LOW
CXP-2024-00360,CUST-10313,2024-07-21 18:24:00,Savings Account,High Yield Savings,Account Maintenance,Monthly maintenance fee assessed despite minimum balance,Mobile App,38,Mass Market,West Coast,140,14,2246.5,I am writing regarding my High Yield Savings account. I encountered a severe monthly maintenance fee assessed despite minimum balance on 2024-07-21. I tried resolving this via Mobile App but the service was disappointing.,2024-07-22 11:24:00,2024-07-25 20:24:00,Closed with Non-Monetary Relief,Fee Waived,0,2.0,Tier 1 General,4.08,0,0,MEDIUM
CXP-2024-00482,CUST-10314,2024-03-16 16:55:00,Credit Card,Basic Credit Card,Fraud & Unauthorized Transaction,Card cloned at gas station,Web Portal,46,Emerging Wealth,Northeast,83,17,3121.14,Disputed charge and card cloned at gas station on Basic Credit Card. The app crashed and agent on phone was unable to waive fees.,2024-03-17 14:55:00,2024-03-22 03:55:00,Closed with Non-Monetary Relief,Statement Credit,0,2.0,Fraud Ops,5.46,1,0,HIGH
CXP-2024-00063,CUST-10315,2024-09-07 10:24:00,Credit Card,Platinum Rewards Card,Rewards Redemption Failure,Cashback balance calculation error,Web Portal,57,Small Business,West Coast,40,55,7999.61,I am writing regarding my Platinum Rewards Card account. I encountered a severe cashback balance calculation error on 2024-09-07. I tried resolving this via Web Portal but the service was disappointing.,2024-09-08 08:24:00,2024-09-08 21:24:00,Closed with Non-Monetary Relief,Full Refund,0,4.0,Tier 1 General,1.46,0,0,LOW
CXP-2024-00092,CUST-10315,2025-11-23 18:32:00,Savings Account,Money Market Account,Transfer & Withdrawal Limits,Wire transfer held for security review,Web Portal,57,Small Business,West Coast,40,55,7999.61,I am writing regarding my Money Market Account account. I encountered a severe wire transfer held for security review on 2025-11-23. I tried resolving this via Web Portal but the service was disappointing.,2025-11-24 11:32:00,2025-12-01 01:32:00,Closed with Non-Monetary Relief,Full Refund,0,5.0,Tier 1 General,7.29,1,0,MEDIUM
CXP-2024-00424,CUST-10316,2024-08-05 09:10:00,Credit Card,Travel Elite Card,Fraud & Unauthorized Transaction,Unrecognized charge at foreign merchant,Web Portal,52,Mass Market,Northeast,79,19,2589.82,Extremely frustrated with the unrecognized charge at foreign merchant on my Travel Elite Card. This has happened multiple times and customer support failed to resolve it promptly.,2024-08-05 17:10:00,2024-08-06 16:10:00,Closed with Explanation,Policy Explanation,0,3.0,Fraud Ops,1.29,0,0,HIGH
CXP-2024-00464,CUST-10316,2025-09-12 15:17:00,Credit Card,Platinum Rewards Card,Billing & Fee Dispute,Late fee charged despite on-time payment,Web Portal,52,Mass Market,Northeast,79,19,2589.82,Urgent issue: Late fee charged despite on-time payment regarding Credit Card. I request an immediate refund and resolution. My account tenure is 79 months and I expect better service.,2025-09-13 01:17:00,2025-09-14 01:17:00,Closed with Monetary Relief,Fee Waived,0,5.0,Billing Services,1.42,0,0,LOW
CXP-2024-00458,CUST-10317,2025-06-27 15:59:00,Credit Card,Cash Back Preferred,Interest Rate Dispute,Interest charged during promotional 0% period,Phone / Contact Center,63,Small Business,Midwest,15,61,8110.23,Filing a formal complaint about interest charged during promotional 0% period. Resolution has taken too long and I am considering closing my account.,2025-06-28 07:59:00,2025-06-30 17:59:00,Closed with Monetary Relief,Full Refund,1,1.0,Tier 2 Escalations,3.08,0,0,HIGH
CXP-2024-00104,CUST-10317,2025-08-10 19:21:00,Credit Card,Travel Elite Card,Rewards Redemption Failure,Points failed to credit after promotion,Mobile App,63,Small Business,Midwest,15,61,8110.23,Urgent issue: Points failed to credit after promotion regarding Credit Card. I request an immediate refund and resolution. My account tenure is 15 months and I expect better service.,2025-08-11 00:21:00,2025-08-12 20:21:00,Closed with Explanation,Policy Explanation,0,5.0,Tier 1 General,2.04,0,1,HIGH
CXP-2024-00479,CUST-10318,2024-08-13 12:30:00,Credit Card,Platinum Rewards Card,Billing & Fee Dispute,Autopay processing error,Mobile App,49,Mass Market,Southwest,16,8,1127.52,I am writing regarding my Platinum Rewards Card account. I encountered a severe autopay processing error on 2024-08-13. I tried resolving this via Mobile App but the service was disappointing.,2024-08-14 01:30:00,2024-08-16 15:30:00,Closed with Explanation,Dispute Denied,0,5.0,Billing Services,3.12,0,0,LOW
CXP-2024-00051,CUST-10318,2024-08-28 13:13:00,Credit Card,Basic Credit Card,Billing & Fee Dispute,Annual fee charged unexpectedly,Phone / Contact Center,49,Mass Market,Southwest,16,8,1127.52,Filing a formal complaint about annual fee charged unexpectedly. Resolution has taken too long and I am considering closing my account.,2024-08-28 18:13:00,2024-08-30 23:13:00,Closed with Explanation,Policy Explanation,0,4.0,Billing Services,2.42,0,1,HIGH
CXP-2024-00356,CUST-10318,2025-02-11 08:42:00,Digital Banking,Mobile App iOS,Security & Credentials,Unrecognized login security alert,Phone / Contact Center,49,Mass Market,Southwest,16,8,1127.52,Urgent issue: Unrecognized login security alert regarding Digital Banking. I request an immediate refund and resolution. My account tenure is 16 months and I expect better service.,2025-02-11 17:42:00,2025-02-13 18:42:00,Closed with Explanation,Dispute Denied,0,4.0,Digital Tech Support,2.42,0,0,LOW
CXP-2024-00374,CUST-10318,2025-11-09 18:12:00,Personal Loans,Debt Consolidation Loan,Loan Payoff & Closing,Title release delayed post payment,Phone / Contact Center,49,Mass Market,Southwest,16,8,1127.52,Filing a formal complaint about title release delayed post payment. Resolution has taken too long and I am considering closing my account.,2025-11-10 10:12:00,2025-11-12 05:12:00,Closed with Non-Monetary Relief,Statement Credit,0,5.0,Tier 1 General,2.46,0,0,LOW
CXP-2024-00224,CUST-10319,2024-09-13 08:03:00,Personal Loans,Unsecured Fixed Loan,Interest Rate Dispute,Variable rate increase dispute,Phone / Contact Center,52,Emerging Wealth,Northeast,25,29,4458.51,Extremely frustrated with the variable rate increase dispute on my Unsecured Fixed Loan. This has happened multiple times and customer support failed to resolve it promptly.,2024-09-13 22:03:00,2024-09-24 12:03:00,Closed with Explanation,Policy Explanation,1,1.0,Tier 2 Escalations,11.17,1,0,CRITICAL
CXP-2024-00402,CUST-10319,2025-05-15 11:46:00,Savings Account,Money Market Account,Account Maintenance,Joint owner addition delayed,Phone / Contact Center,52,Emerging Wealth,Northeast,25,29,4458.51,Extremely frustrated with the joint owner addition delayed on my Money Market Account. This has happened multiple times and customer support failed to resolve it promptly.,2025-05-16 03:46:00,2025-05-20 22:46:00,Closed with Non-Monetary Relief,Fee Waived,0,1.0,Tier 1 General,5.46,1,0,MEDIUM
CXP-2024-00109,CUST-10319,2025-09-10 15:29:00,Credit Card,Travel Elite Card,Interest Rate Dispute,Balance transfer fee dispute,Branch,52,Emerging Wealth,Northeast,25,29,4458.51,Urgent issue: Balance transfer fee dispute regarding Credit Card. I request an immediate refund and resolution. My account tenure is 25 months and I expect better service.,2025-09-11 05:29:00,2025-09-22 23:29:00,Closed with Monetary Relief,Statement Credit,1,1.0,Tier 2 Escalations,12.33,1,0,CRITICAL
CXP-2024-00277,CUST-10320,2024-01-21 15:20:00,Credit Card,Platinum Rewards Card,Billing & Fee Dispute,Late fee charged despite on-time payment,Phone / Contact Center,18,Emerging Wealth,West Coast,26,23,4103.91,Disputed charge and late fee charged despite on-time payment on Platinum Rewards Card. The app crashed and agent on phone was unable to waive fees.,2024-01-21 19:20:00,2024-01-30 17:20:00,Closed with Explanation,Policy Explanation,0,4.0,Billing Services,9.08,1,0,MEDIUM
CXP-2024-00114,CUST-10320,2025-12-08 10:22:00,Credit Card,Cash Back Preferred,Fraud & Unauthorized Transaction,Card cloned at gas station,Web Portal,18,Emerging Wealth,West Coast,26,23,4103.91,Disputed charge and card cloned at gas station on Cash Back Preferred. The app crashed and agent on phone was unable to waive fees.,2025-12-09 02:22:00,2025-12-11 15:22:00,Closed with Non-Monetary Relief,Fee Waived,1,4.0,Tier 2 Escalations,3.21,0,0,HIGH
CXP-2024-00489,CUST-10321,2024-09-10 08:45:00,Credit Card,Platinum Rewards Card,Fraud & Unauthorized Transaction,Phishing transaction alert,Web Portal,57,Emerging Wealth,West Coast,9,22,3290.55,Disputed charge and phishing transaction alert on Platinum Rewards Card. The app crashed and agent on phone was unable to waive fees.,2024-09-10 18:45:00,2024-09-12 15:45:00,Closed with Non-Monetary Relief,Fee Waived,0,4.0,Fraud Ops,2.29,0,0,HIGH
CXP-2024-00406,CUST-10321,2025-02-03 16:30:00,Credit Card,Basic Credit Card,Billing & Fee Dispute,Autopay processing error,Phone / Contact Center,57,Emerging Wealth,West Coast,9,22,3290.55,Filing a formal complaint about autopay processing error. Resolution has taken too long and I am considering closing my account.,2025-02-03 19:30:00,2025-02-10 17:30:00,Closed with Explanation,Policy Explanation,0,3.0,Billing Services,7.04,1,0,MEDIUM
CXP-2024-00096,CUST-10321,2025-02-07 10:41:00,Digital Banking,Mobile App Android,Mobile App Access/Outage,Session timeout during transfer,Phone / Contact Center,57,Emerging Wealth,West Coast,9,22,3290.55,Disputed charge and session timeout during transfer on Mobile App Android. The app crashed and agent on phone was unable to waive fees.,2025-02-07 12:41:00,2025-02-13 16:41:00,Closed with Monetary Relief,Statement Credit,0,5.0,Digital Tech Support,6.25,1,1,HIGH
CXP-2024-00029,CUST-10322,2024-04-21 18:00:00,Digital Banking,Web Online Portal,Security & Credentials,Device registration loop error,Phone / Contact Center,33,Emerging Wealth,Southeast,4,20,4019.68,Urgent issue: Device registration loop error regarding Digital Banking. I request an immediate refund and resolution. My account tenure is 4 months and I expect better service.,2024-04-21 23:00:00,2024-04-23 06:00:00,Closed with Explanation,Policy Explanation,0,5.0,Digital Tech Support,1.5,0,0,LOW
CXP-2024-00234,CUST-10324,2024-03-14 12:05:00,Personal Loans,Debt Consolidation Loan,Loan Payoff & Closing,Payoff quote expired early,Mobile App,46,Emerging Wealth,Midwest,75,19,2972.29,Urgent issue: Payoff quote expired early regarding Personal Loans. I request an immediate refund and resolution. My account tenure is 75 months and I expect better service.,2024-03-14 22:05:00,2024-03-19 23:05:00,Closed with Non-Monetary Relief,Full Refund,0,1.0,Tier 1 General,5.46,1,0,MEDIUM
CXP-2024-00213,CUST-10324,2025-03-13 13:58:00,Credit Card,Cash Back Preferred,Interest Rate Dispute,Interest charged during promotional 0% period,Phone / Contact Center,46,Emerging Wealth,Midwest,75,19,2972.29,Filing a formal complaint about interest charged during promotional 0% period. Resolution has taken too long and I am considering closing my account.,2025-03-14 08:58:00,2025-03-14 23:58:00,Closed with Monetary Relief,Full Refund,0,4.0,Tier 1 General,1.42,0,0,LOW
